,Energy,Freq
0,-2.87881014713265,5.4963129332231606e-08
1,-2.8771588339552836,5.712733776858648e-08
2,-2.875507520777917,5.936934881635291e-08
3,-2.8738562076005505,6.169165048669151e-08
4,-2.872204894423184,6.409679827830569e-08
5,-2.870553581245817,6.658741656610284e-08
6,-2.8689022680684504,6.916620000303738e-08
7,-2.867250954891084,7.18359149347111e-08
8,-2.8655996417137173,7.459940082625541e-08
9,-2.8639483285363507,7.745957170102172e-08
10,-2.862297015358984,8.041941759056342e-08
11,-2.8606457021816176,8.348200599537525e-08
12,-2.858994389004251,8.665048335582614e-08
13,-2.8573430758268845,8.99280765326973e-08
14,-2.855691762649518,9.331809429670869e-08
15,-2.854040449472151,9.682392882639243e-08
16,-2.8523891362947844,1.004490572136361e-07
17,-2.850737823117418,1.0419704297621168e-07
18,-2.8490865099400513,1.0807153757654484e-07
19,-2.8474351967626848,1.1207628194598323e-07
20,-2.845783883585318,1.162151080137743e-07
21,-2.8441325704079516,1.2049194023994144e-07
22,-2.842481257230585,1.2491079715121587e-07
23,-2.8408299440532185,1.2947579287915474e-07
24,-2.8391786308758515,1.3419113869954343e-07
25,-2.837527317698485,1.3906114457214775e-07
26,-2.8358760045211184,1.4409022067987268e-07
27,-2.834224691343752,1.4928287896631338e-07
28,-2.8325733781663853,1.5464373467069885e-07
29,-2.8309220649890188,1.6017750785916943e-07
30,-2.829270751811652,1.6588902495131217e-07
31,-2.8276194386342857,1.717832202408426e-07
32,-2.825968125456919,1.7786513740929535e-07
33,-2.8243168122795526,1.8413993103155472e-07
34,-2.8226654991021856,1.9061286807202656e-07
35,-2.821014185924819,1.9728932937021549e-07
36,-2.8193628727474525,2.0417481111447374e-07
37,-2.817711559570086,2.112749263026017e-07
38,-2.8160602463927193,2.1859540618801031e-07
39,-2.814408933215353,2.26142101710091e-07
40,-2.8127576200379862,2.339209849074202e-07
41,-2.8111063068606197,2.419381503124038e-07
42,-2.809454993683253,2.50199816325925e-07
43,-2.807803680505886,2.587123265705521e-07
44,-2.8061523673285196,2.674821512208022e-07
45,-2.804501054151153,2.7651588830899434e-07
46,-2.8028497409737865,2.8582026500510704e-07
47,-2.80119842779642,2.954021388691206e-07
48,-2.7995471146190534,3.052684990742437e-07
49,-2.797895801441687,3.1542646759942246e-07
50,-2.7962444882643203,3.2588330038950075e-07
51,-2.7945931750869537,3.3664638848138017e-07
52,-2.792941861909587,3.477232590945066e-07
53,-2.79129054873222,3.5912157668399097e-07
54,-2.7896392355548536,3.7084914395463263e-07
55,-2.787987922377487,3.8291390283415937e-07
56,-2.7863366092001205,3.9532393540387024e-07
57,-2.784685296022754,4.0808746478495984e-07
58,-2.7830339828453874,4.212128559787247e-07
59,-2.781382669668021,4.3470861665885125e-07
60,-2.7797313564906543,4.485833979139811e-07
61,-2.7780800433132877,4.6284599493872116e-07
62,-2.7764287301359207,4.775053476712742e-07
63,-2.774777416958554,4.925705413758134e-07
64,-2.7731261037811876,5.080508071678168e-07
65,-2.771474790603821,5.239555224804069e-07
66,-2.7698234774264545,5.402942114699014e-07
67,-2.768172164249088,5.57076545358669e-07
68,-2.7665208510717214,5.743123427134279e-07
69,-2.764869537894355,5.92011569657102e-07
70,-2.7632182247169883,6.101843400123668e-07
71,-2.7615669115396217,6.288409153750076e-07
72,-2.7599155983622548,6.479917051152187e-07
73,-2.758264285184888,6.676472663049557e-07
74,-2.7566129720075216,6.878183035695525e-07
75,-2.754961658830155,7.085156688616503e-07
76,-2.7533103456527885,7.297503611556724e-07
77,-2.751659032475422,7.515335260609918e-07
78,-2.7500077192980554,7.738764553519736e-07
79,-2.748356406120689,7.967905864130962e-07
80,-2.7467050929433223,8.20287501597371e-07
81,-2.7450537797659553,8.443789274963011e-07
82,-2.7434024665885888,8.690767341196027e-07
83,-2.741751153411222,8.943929339830653e-07
84,-2.7400998402338557,9.203396811027348e-07
85,-2.738448527056489,9.469292698938433e-07
86,-2.7367972138791226,9.741741339728233e-07
87,-2.735145900701756,1.0020868448607996e-06
88,-2.7334945875243895,1.0306801105869962e-06
89,-2.731843274347023,1.0599667741905189e-06
90,-2.7301919611696563,1.0899598121190262e-06
91,-2.7285406479922893,1.1206723325228302e-06
92,-2.726889334814923,1.1521175734429797e-06
93,-2.7252380216375562,1.184308900892059e-06
94,-2.7235867084601897,1.2172598068262428e-06
95,-2.721935395282823,1.2509839070074335e-06
96,-2.7202840821054566,1.2854949387542196e-06
97,-2.71863276892809,1.3208067585804987e-06
98,-2.7169814557507235,1.356933339720638e-06
99,-2.715330142573357,1.3938887695401302e-06
100,-2.71367882939599,1.431687246830746e-06
101,-2.7120275162186234,1.4703430789891982e-06
102,-2.710376203041257,1.509870679078586e-06
103,-2.7087248898638903,1.550284562771624e-06
104,-2.7070735766865237,1.5915993451750633e-06
105,-2.705422263509157,1.6338297375345815e-06
106,-2.7037709503317906,1.6769905438195468e-06
107,-2.702119637154424,1.7210966571871595e-06
108,-2.7004683239770575,1.7661630563254965e-06
109,-2.698817010799691,1.812204801675124e-06
110,-2.697165697622324,1.8592370315289783e-06
111,-2.6955143844449574,1.9072749580102634e-06
112,-2.693863071267591,1.956333862928413e-06
113,-2.6922117580902243,2.006429093512849e-06
114,-2.6905604449128577,2.0575760580247725e-06
115,-2.688909131735491,2.109790221247057e-06
116,-2.6872578185581246,2.1630870998525043e-06
117,-2.685606505380758,2.2174822576507715e-06
118,-2.6839551922033915,2.272991300714416e-06
119,-2.6823038790260245,2.329629872384583e-06
120,-2.680652565848658,2.3874136481568597e-06
121,-2.6790012526712914,2.4463583304482475e-06
122,-2.677349939493925,2.5064796432457713e-06
123,-2.6756986263165583,2.567793326637853e-06
124,-2.6740473131391918,2.630315131229414e-06
125,-2.672395999961825,2.694060812441812e-06
126,-2.6707446867844586,2.7590461246988774e-06
127,-2.669093373607092,2.8252868155003652e-06
128,-2.6674420604297255,2.892798619384282e-06
129,-2.6657907472523585,2.961597251779662e-06
130,-2.664139434074992,3.0316984027513234e-06
131,-2.6624881208976254,3.1031177306386956e-06
132,-2.660836807720259,3.1758708555901933e-06
133,-2.6591854945428923,3.2499733529954235e-06
134,-2.6575341813655258,3.325440746817233e-06
135,-2.655882868188159,3.4022885028258097e-06
136,-2.6542315550107927,3.4805320217371825e-06
137,-2.652580241833426,3.5601866322585602e-06
138,-2.650928928656059,3.6412675840430707e-06
139,-2.6492776154786926,3.7237900405564622e-06
140,-2.647626302301326,3.807769071858836e-06
141,-2.6459749891239595,3.8932196473039e-06
142,-2.644323675946593,3.98015662815903e-06
143,-2.6426723627692263,4.068594760149158e-06
144,-2.64102104959186,4.158548665927704e-06
145,-2.6393697364144932,4.250032837477887e-06
146,-2.6377184232371267,4.343061628447862e-06
147,-2.63606711005976,4.43764924642321e-06
148,-2.634415796882393,4.533809745140486e-06
149,-2.6327644837050266,4.631557016645405e-06
150,-2.63111317052766,4.730904783399918e-06
151,-2.6294618573502935,4.831866590341647e-06
152,-2.627810544172927,4.934455796900103e-06
153,-2.6261592309955604,5.038685568973717e-06
154,-2.624507917818194,5.144568870871967e-06
155,-2.6228566046408273,5.252118457226954e-06
156,-2.6212052914634607,5.361346864878894e-06
157,-2.6195539782860937,5.472266404740089e-06
158,-2.617902665108727,5.5848891536418295e-06
159,-2.6162513519313606,5.699226946169411e-06
160,-2.614600038753994,5.815291366489466e-06
161,-2.6129487255766275,5.9330937401749374e-06
162,-2.611297412399261,6.0526451260325065e-06
163,-2.6096460992218944,6.1739563079375305e-06
164,-2.607994786044528,6.297037786681611e-06
165,-2.6063434728671613,6.4218997718379845e-06
166,-2.6046921596897947,6.548552173650005e-06
167,-2.603040846512428,6.677004594948009e-06
168,-2.601389533335061,6.807266323100013e-06
169,-2.5997382201576946,6.939346322001453e-06
170,-2.598086906980328,7.0732532241099985e-06
171,-2.5964355938029615,7.2089953225302576e-06
172,-2.594784280625595,7.346580563154537e-06
173,-2.5931329674482284,7.486016536865028e-06
174,-2.591481654270862,7.627310471803162e-06
175,-2.5898303410934953,7.770469225711827e-06
176,-2.5881790279161283,7.915499278356224e-06
177,-2.5865277147387618,8.062406724028885e-06
178,-2.584876401561395,8.211197264145253e-06
179,-2.5832250883840286,8.361876199934792e-06
180,-2.581573775206662,8.514448425234105e-06
181,-2.5799224620292955,8.668918419387552e-06
182,-2.578271148851929,8.825290240261352e-06
183,-2.5766198356745624,8.983567517376892e-06
184,-2.574968522497196,9.143753445169128e-06
185,-2.5733172093198293,9.305850776375871e-06
186,-2.5716658961424628,9.469861815563763e-06
187,-2.5700145829650958,9.635788412796756e-06
188,-2.568363269787729,9.803631957452583e-06
189,-2.5667119566103627,9.973393372193612e-06
190,-2.565060643432996,1.0145073107096896e-05
191,-2.5634093302556296,1.031867113394971e-05
192,-2.561758017078263,1.0494186940715916e-05
193,-2.5601067039008965,1.0671619526178784e-05
194,-2.55845539072353,1.0850967394765727e-05
195,-2.556804077546163,1.1032228551560466e-05
196,-2.5551527643687963,1.1215400497507686e-05
197,-2.55350145119143,1.1400480224816243e-05
198,-2.5518501380140632,1.1587464212565131e-05
199,-2.5501988248366967,1.1776348422518156e-05
200,-2.54854751165933,1.1967128295151987e-05
201,-2.5468961984819636,1.2159798745902737e-05
202,-2.545244885304597,1.2354354161635773e-05
203,-2.5435935721272305,1.2550788397343737e-05
204,-2.541942258949864,1.2749094773077259e-05
205,-2.5402909457724974,1.294926607111302e-05
206,-2.5386396325951304,1.3151294533363683e-05
207,-2.536988319417764,1.335517185903358e-05
208,-2.5353370062403973,1.356088920252529e-05
209,-2.5336856930630307,1.3768437171600013e-05
210,-2.532034379885664,1.3977805825796512e-05
211,-2.5303830667082976,1.4188984675112112e-05
212,-2.528731753530931,1.4401962678949415e-05
213,-2.5270804403535645,1.4616728245332312e-05
214,-2.5254291271761975,1.4833269230394604e-05
215,-2.523777813998831,1.505157293814417e-05
216,-2.5221265008214644,1.5271626120506587e-05
217,-2.520475187644098,1.549341497764983e-05
218,-2.5188238744667313,1.571692515859373e-05
219,-2.5171725612893647,1.594214176210634e-05
220,-2.515521248111998,1.6169049337889623e-05
221,-2.5138699349346316,1.6397631888056652e-05
222,-2.512218621757265,1.662787286890235e-05
223,-2.5105673085798985,1.6859755192969526e-05
224,-2.508915995402532,1.7093261231411967e-05
225,-2.507264682225165,1.7328372816655925e-05
226,-2.5056133690477984,1.7565071245360992e-05
227,-2.503962055870432,1.7803337281682342e-05
228,-2.5023107426930653,1.8043151160833948e-05
229,-2.5006594295156988,1.828449259295428e-05
230,-2.499008116338332,1.8527340767274706e-05
231,-2.4973568031609656,1.8771674356590863e-05
232,-2.495705489983599,1.901747152203698e-05
233,-2.494054176806232,1.9264709918163152e-05
234,-2.4924028636288655,1.9513366698314787e-05
235,-2.490751550451499,1.9763418520314596e-05
236,-2.4891002372741324,2.001484155244509e-05
237,-2.487448924096766,2.0267611479731552e-05
238,-2.4857976109193993,2.0521703510523876e-05
239,-2.4841462977420328,2.0777092383375944e-05
240,-2.482494984564666,2.1033752374220932e-05
241,-2.4808436713872997,2.1291657303840704e-05
242,-2.479192358209933,2.15507805456272e-05
243,-2.4775410450325666,2.1811095033633667e-05
244,-2.4758897318551996,2.2072573270913272e-05
245,-2.474238418677833,2.2335187338141997e-05
246,-2.4725871055004665,2.2598908902524047e-05
247,-2.4709357923231,2.2863709226975266e-05
248,-2.4692844791457333,2.3129559179582295e-05
249,-2.467633165968367,2.339642924333361e-05
250,-2.4659818527910002,2.3664289526118828e-05
251,-2.4643305396136337,2.3933109770992317e-05
252,-2.4626792264362667,2.4202859366697246e-05
253,-2.4610279132589,2.447350735844519e-05
254,-2.4593766000815336,2.4745022458948124e-05
255,-2.457725286904167,2.501737305969644e-05
256,-2.4560739737268005,2.529052724247956e-05
257,-2.454422660549434,2.5564452791143397e-05
258,-2.4527713473720674,2.5839117203579732e-05
259,-2.451120034194701,2.6114487703942113e-05
260,-2.4494687210173343,2.6390531255082616e-05
261,-2.4478174078399677,2.6667214571203976e-05
262,-2.446166094662601,2.694450413072102e-05
263,-2.444514781485234,2.722236618932563e-05
264,-2.4428634683078676,2.750076679324846e-05
265,-2.441212155130501,2.7779671792712303e-05
266,-2.4395608419531345,2.8059046855569172e-05
267,-2.437909528775768,2.8338857481115513e-05
268,-2.4362582155984014,2.861906901407841e-05
269,-2.434606902421035,2.8899646658766067e-05
270,-2.4329555892436683,2.9180555493375408e-05
271,-2.4313042760663013,2.946176048444998e-05
272,-2.4296529628889347,2.9743226501480305e-05
273,-2.428001649711568,3.0024918331640562e-05
274,-2.4263503365342016,3.0306800694652665e-05
275,-2.424699023356835,3.058883825777136e-05
276,-2.4230477101794685,3.087099565088228e-05
277,-2.421396397002102,3.1153237481705163e-05
278,-2.4197450838247354,3.143552835109491e-05
279,-2.418093770647369,3.1717832868432026e-05
280,-2.4164424574700023,3.2000115667095055e-05
281,-2.4147911442926357,3.2282341420006796e-05
282,-2.4131398311152688,3.2564474855246346e-05
283,-2.411488517937902,3.2846480771718555e-05
284,-2.4098372047605356,3.312832405487382e-05
285,-2.408185891583169,3.340996969246864e-05
286,-2.4065345784058025,3.36913827903598e-05
287,-2.404883265228436,3.397252858832359e-05
288,-2.4032319520510694,3.4253372475892014e-05
289,-2.401580638873703,3.453388000819749e-05
290,-2.399929325696336,3.4814016921818184e-05
291,-2.3982780125189693,3.5093749150615224e-05
292,-2.3966266993416028,3.5373042841554457e-05
293,-2.394975386164236,3.56518643705035e-05
294,-2.3933240729868697,3.593018035799654e-05
295,-2.391672759809503,3.6207957684958646e-05
296,-2.3900214466321366,3.6485163508381314e-05
297,-2.38837013345477,3.6761765276941165e-05
298,-2.3867188202774035,3.7037730746554025e-05
299,-2.385067507100037,3.731302799585586e-05
300,-2.3834161939226703,3.75876254416031e-05
301,-2.3817648807453033,3.786149185398432e-05
302,-2.380113567567937,3.813459637183491e-05
303,-2.3784622543905702,3.840690851774833e-05
304,-2.3768109412132037,3.867839821307447e-05
305,-2.375159628035837,3.894903579279898e-05
306,-2.3735083148584706,3.92187920202951e-05
307,-2.371857001681104,3.948763810194119e-05
308,-2.3702056885037375,3.9755545701596034e-05
309,-2.3685543753263705,4.002248695492523e-05
310,-2.366903062149004,4.0288434483570634e-05
311,-2.3652517489716374,4.055336140915718e-05
312,-2.363600435794271,4.0817241367128553e-05
313,-2.3619491226169043,4.1080048520405893e-05
314,-2.3602978094395377,4.134175757286251e-05
315,-2.358646496262171,4.160234378260785e-05
316,-2.3569951830848046,4.186178297507447e-05
317,-2.355343869907438,4.212005155590135e-05
318,-2.3536925567300715,4.2377126523607466e-05
319,-2.352041243552705,4.2632985482049495e-05
320,-2.3503899303753384,4.2887606652657536e-05
321,-2.3487386171979714,4.314096888644303e-05
322,-2.347087304020605,4.3393051675772964e-05
323,-2.3454359908432383,4.3643835165905334e-05
324,-2.3437846776658717,4.389330016627956e-05
325,-2.342133364488505,4.414142816155699e-05
326,-2.3404820513111386,4.4388201322406394e-05
327,-2.338830738133772,4.463360251602897e-05
328,-2.337179424956405,4.487761531641844e-05
329,-2.3355281117790385,4.5120224014350745e-05
330,-2.333876798601672,4.536141362709982e-05
331,-2.3322254854243054,4.5601169907873625e-05
332,-2.330574172246939,4.583947935496705e-05
333,-2.3289228590695723,4.6076329220627076e-05
334,-2.3272715458922058,4.631170751962617e-05
335,-2.325620232714839,4.6545603037540024e-05
336,-2.3239689195374726,4.6778005338725845e-05
337,-2.322317606360106,4.700890477399751e-05
338,-2.3206662931827395,4.723829248799411e-05
339,-2.319014980005373,4.74661604262385e-05
340,-2.317363666828006,4.7692501341882766e-05
341,-2.3157123536506394,4.7917308802136994e-05
342,-2.314061040473273,4.814057719437955e-05
343,-2.3124097272959063,4.836230173194455e-05
344,-2.3107584141185398,4.85824784595851e-05
345,-2.309107100941173,4.880110425860913e-05
346,-2.3074557877638067,4.901817685168552e-05
347,-2.3058044745864397,4.923369480731865e-05
348,-2.304153161409073,4.944765754398823e-05
349,-2.3025018482317066,4.9660065333954056e-05
350,-2.30085053505434,4.9870919306722064e-05
351,-2.2991992218769735,5.008022145217107e-05
352,-2.297547908699607,5.028797462333831e-05
353,-2.2958965955222403,5.049418253886212e-05
354,-2.294245282344874,5.0698849785080596e-05
355,-2.2925939691675072,5.090198181778499e-05
356,-2.2909426559901407,5.1103584963626666e-05
357,-2.289291342812774,5.130366642117656e-05
358,-2.2876400296354076,5.1502234261636534e-05
359,-2.2859887164580406,5.169929742920173e-05
360,-2.284337403280674,5.189486574107304e-05
361,-2.2826860901033075,5.2088949887120045e-05
362,-2.281034776925941,5.2281561429192866e-05
363,-2.2793834637485744,5.247271280008361e-05
364,-2.277732150571208,5.266241730213685e-05
365,-2.2760808373938413,5.2850689105509204e-05
366,-2.2744295242164743,5.303754324607807e-05
367,-2.2727782110391077,5.3222995622999734e-05
368,-2.271126897861741,5.3407062995917285e-05
369,-2.2694755846843746,5.358976298181864e-05
370,-2.267824271507008,5.377111405154522e-05
371,-2.2661729583296415,5.395113552595198e-05
372,-2.264521645152275,5.412984757171987e-05
373,-2.2628703319749084,5.4307271196821e-05
374,-2.261219018797542,5.448342824563817e-05
375,-2.2595677056201753,5.465834139373959e-05
376,-2.2579163924428087,5.4832034142310005e-05
377,-2.256265079265442,5.5004530812239755e-05
378,-2.254613766088075,5.5175856537873376e-05
379,-2.2529624529107086,5.534603726041866e-05
380,-2.251311139733342,5.551509972101926e-05
381,-2.2496598265559755,5.568307145349118e-05
382,-2.248008513378609,5.584998077672619e-05
383,-2.2463572002012424,5.601585678676394e-05
384,-2.244705887023876,5.618072934853488e-05
385,-2.243054573846509,5.6344629087276684e-05
386,-2.2414032606691423,5.650758737962626e-05
387,-2.2397519474917758,5.666963634439056e-05
388,-2.238100634314409,5.683080883299834e-05
389,-2.2364493211370426,5.699113841963624e-05
390,-2.234798007959676,5.71506593910719e-05
391,-2.2331466947823095,5.730940673616777e-05
392,-2.231495381604943,5.7467416135088286e-05
393,-2.2298440684275764,5.76247239482046e-05
394,-2.22819275525021,5.7781367204699944e-05
395,-2.2265414420728433,5.793738359087969e-05
396,-2.2248901288954768,5.809281143819013e-05
397,-2.2232388157181098,5.8247689710949655e-05
398,-2.221587502540743,5.840205799379708e-05
399,-2.2199361893633767,5.855595647886124e-05
400,-2.21828487618601,5.870942595265653e-05
401,-2.2166335630086436,5.886250778270908e-05
402,-2.214982249831277,5.901524390391839e-05
403,-2.2133309366539105,5.916767680465997e-05
404,-2.2116796234765435,5.931984951263355e-05
405,-2.210028310299177,5.947180558046263e-05
406,-2.2083769971218103,5.9623589071051515e-05
407,-2.206725683944444,5.9775244542704415e-05
408,-2.2050743707670772,5.992681703401369e-05
409,-2.2034230575897107,6.0078352048522905e-05
410,-2.201771744412344,6.022989553917102e-05
411,-2.2001204312349776,6.03814938925245e-05
412,-2.198469118057611,6.0533193912803686e-05
413,-2.1968178048802445,6.0685042805710724e-05
414,-2.195166491702878,6.0837088162065885e-05
415,-2.1935151785255114,6.098937794125966e-05
416,-2.1918638653481444,6.11419604545281e-05
417,-2.190212552170778,6.129488434805897e-05
418,-2.1885612389934113,6.144819858593697e-05
419,-2.1869099258160447,6.160195243293545e-05
420,-2.185258612638678,6.175619543716345e-05
421,-2.1836072994613116,6.191097741257603e-05
422,-2.181955986283945,6.206634842135706e-05
423,-2.180304673106578,6.222235875618276e-05
424,-2.1786533599292115,6.237905892237522e-05
425,-2.177002046751845,6.253649961995526e-05
426,-2.1753507335744784,6.269473172560375e-05
427,-2.173699420397112,6.285380627454095e-05
428,-2.1720481072197453,6.301377444233389e-05
429,-2.1703967940423787,6.317468752664128e-05
430,-2.168745480865012,6.33365969289066e-05
431,-2.1670941676876456,6.349955413600891e-05
432,-2.165442854510279,6.366361070188243e-05
433,-2.1637915413329125,6.38288182291151e-05
434,-2.162140228155546,6.399522835053698e-05
435,-2.160488914978179,6.416289271080934e-05
436,-2.1588376018008124,6.43318629480253e-05
437,-2.157186288623446,6.450219067533383e-05
438,-2.1555349754460793,6.467392746259703e-05
439,-2.1538836622687128,6.484712481809385e-05
440,-2.152232349091346,6.502183417028025e-05
441,-2.1505810359139796,6.519810684961829e-05
442,-2.1489297227366126,6.53759940704856e-05
443,-2.147278409559246,6.555554691317696e-05
444,-2.1456270963818795,6.573681630601016e-05
445,-2.143975783204513,6.591985300754791e-05
446,-2.1423244700271464,6.610470758894762e-05
447,-2.14067315684978,6.629143041645154e-05
448,-2.1390218436724133,6.648007163402929e-05
449,-2.1373705304950468,6.667068114618455e-05
450,-2.13571921731768,6.686330860093852e-05
451,-2.1340679041403137,6.705800337300205e-05
452,-2.132416590962947,6.725481454714886e-05
453,-2.1307652777855806,6.745379090180152e-05
454,-2.1291139646082136,6.765498089284292e-05
455,-2.127462651430847,6.785843263766468e-05
456,-2.1258113382534805,6.806419389946515e-05
457,-2.124160025076114,6.827231207180825e-05
458,-2.1225087118987473,6.848283416345562e-05
459,-2.120857398721381,6.869580678348326e-05
460,-2.1192060855440142,6.891127612669497e-05
461,-2.1175547723666472,6.912928795934342e-05
462,-2.1159034591892807,6.934988760517048e-05
463,-2.114252146011914,6.957311993177857e-05
464,-2.1126008328345476,6.979902933734286e-05
465,-2.110949519657181,7.002765973767625e-05
466,-2.1092982064798145,7.025905455365739e-05
467,-2.107646893302448,7.049325669903206e-05
468,-2.1059955801250814,7.07303085685981e-05
469,-2.104344266947715,7.09702520267842e-05
470,-2.1026929537703483,7.121312839663155e-05
471,-2.1010416405929817,7.145897844918858e-05
472,-2.099390327415615,7.170784239332694e-05
473,-2.097739014238248,7.195975986598865e-05
474,-2.0960877010608816,7.221476992287118e-05
475,-2.094436387883515,7.247291102956106e-05
476,-2.0927850747061485,7.273422105312092e-05
477,-2.091133761528782,7.29987372541396e-05
478,-2.0894824483514154,7.32664962792512e-05
479,-2.087831135174049,7.353753415412996e-05
480,-2.086179821996682,7.381188627696703e-05
481,-2.0845285088193153,7.408958741243509e-05
482,-2.0828771956419487,7.437067168614592e-05
483,-2.081225882464582,7.465517257960598e-05
484,-2.0795745692872156,7.494312292567397e-05
485,-2.077923256109849,7.523455490452472e-05
486,-2.0762719429324825,7.552950004012255e-05
487,-2.074620629755116,7.58279891972072e-05
488,-2.0729693165777494,7.613005257879419e-05
489,-2.071318003400383,7.643571972419228e-05
490,-2.0696666902230163,7.674501950753861e-05
491,-2.0680153770456497,7.705798013685269e-05
492,-2.0663640638682828,7.737462915360926e-05
493,-2.064712750690916,7.769499343282943e-05
494,-2.0630614375135496,7.801909918369027e-05
495,-2.061410124336183,7.834697195064968e-05
496,-2.0597588111588165,7.86786366150856e-05
497,-2.05810749798145,7.901411739744668e-05
498,-2.0564561848040834,7.93534378599108e-05
499,-2.0548048716267164,7.969662090954785e-05
500,-2.05315355844935,8.004368880198206e-05
501,-2.0515022452719833,8.039466314554929e-05
502,-2.0498509320946168,8.074956490594259e-05
503,-2.04819961891725,8.110841441134078e-05
504,-2.0465483057398837,8.147123135801234e-05
505,-2.044896992562517,8.183803481638759e-05
506,-2.0432456793851506,8.220884323759063e-05
507,-2.041594366207784,8.258367446042256e-05
508,-2.0399430530304175,8.296254571878647e-05
509,-2.038291739853051,8.334547364954413e-05
510,-2.0366404266756843,8.37324743007944e-05
511,-2.0349891134983173,8.412356314056129e-05
512,-2.033337800320951,8.451875506588068e-05
513,-2.0316864871435842,8.491806441227344e-05
514,-2.0300351739662177,8.532150496359141e-05
515,-2.028383860788851,8.572908996222353e-05
516,-2.0267325476114846,8.614083211964783e-05
517,-2.025081234434118,8.655674362731457e-05
518,-2.023429921256751,8.69768361678465e-05
519,-2.0217786080793845,8.740112092653872e-05
520,-2.020127294902018,8.782960860314515e-05
521,-2.0184759817246514,8.82623094239317e-05
522,-2.016824668547285,8.869923315398195e-05
523,-2.0151733553699183,8.914038910973599e-05
524,-2.0135220421925517,8.958578617174639e-05
525,-2.011870729015185,9.00354327976311e-05
526,-2.0102194158378186,9.04893370352062e-05
527,-2.008568102660452,9.094750653577882e-05
528,-2.0069167894830855,9.140994856758085e-05
529,-2.005265476305719,9.187667002932389e-05
530,-2.003614163128352,9.234767746385539e-05
531,-2.0019628499509854,9.28229770718957e-05
532,-2.000311536773619,9.330257472583572e-05
533,-1.9986602235962523,9.378647598357407e-05
534,-1.9970089104188857,9.427468610237264e-05
535,-1.9953575972415192,9.476721005270973e-05
536,-1.9937062840641526,9.526405253210963e-05
537,-1.992054970886786,9.57652179789265e-05
538,-1.9904036577094193,9.627071058606148e-05
539,-1.9887523445320527,9.678053431459138e-05
540,-1.987101031354686,9.729469290728714e-05
541,-1.9854497181773194,9.7813189902e-05
542,-1.9837984049999529,9.833602864489492e-05
543,-1.9821470918225863,9.886321230350785e-05
544,-1.9804957786452198,9.939474387960688e-05
545,-1.9788444654678532,9.993062622183438e-05
546,-1.9771931522904866,0.00010047086203811041
547,-1.9755418391131199,0.00010101545390777422
548,-1.9738905259357533,0.00010156440429344478
549,-1.9722392127583865,0.00010211771555257856
550,-1.97058789958102,0.00010267538994870344
551,-1.9689365864036534,0.00010323742966231052
552,-1.9672852732262869,0.00010380383680138159
553,-1.9656339600489203,0.00010437461341153413
554,-1.9639826468715538,0.00010494976148576449
555,-1.9623313336941872,0.00010552928297376996
556,-1.9606800205168207,0.00010611317979083176
557,-1.959028707339454,0.000106701453826241
558,-1.9573773941620873,0.00010729410695124999
559,-1.9557260809847206,0.00010789114102653282
560,-1.954074767807354,0.00010849255790913758
561,-1.9524234546299875,0.0001090983594589158
562,-1.950772141452621,0.00010970854754441358
563,-1.9491208282752543,0.00011032312404820908
564,-1.9474695150978878,0.00011094209087168398
565,-1.9458182019205212,0.00011156544993921522
566,-1.9441668887431545,0.00011219320320177393
567,-1.942515575565788,0.00011282535263992101
568,-1.9408642623884211,0.00011346190026618798
569,-1.9392129492110546,0.00011410284812683267
570,-1.937561636033688,0.00011474819830296107
571,-1.9359103228563215,0.0001153979529110068
572,-1.934259009678955,0.00011605211410255997
573,-1.9326076965015884,0.0001167106840635395
574,-1.9309563833242218,0.00011737366501270261
575,-1.9293050701468553,0.00011804105919948717
576,-1.9276537569694885,0.00011871286890118149
577,-1.926002443792122,0.00011938909641942003
578,-1.9243511306147552,0.00012006974407600295
579,-1.9226998174373886,0.00012075481420803621
580,-1.921048504260022,0.00012144430916239547
581,-1.9193971910826555,0.00012213823128951108
582,-1.917745877905289,0.00012283658293647885
583,-1.9160945647279224,0.0001235393664394979
584,-1.9144432515505558,0.00012424658411563973
585,-1.912791938373189,0.00012495823825395372
586,-1.9111406251958225,0.00012567433110591421
587,-1.909489312018456,0.00012639486487521756
588,-1.9078379988410892,0.00012711984170693514
589,-1.9061866856637226,0.00012784926367603262
590,-1.904535372486356,0.0001285831327752655
591,-1.9028840593089895,0.0001293214509024611
592,-1.901232746131623,0.00013006421984719963
593,-1.8995814329542564,0.00013081144127690715
594,-1.8979301197768899,0.00013156311672237473
595,-1.896278806599523,0.00013231924756271853
596,-1.8946274934221565,0.0001330798350097968
597,-1.8929761802447898,0.00013384488009210096
598,-1.8913248670674232,0.0001346143836381383
599,-1.8896735538900566,0.0001353883462593262
600,-1.88802224071269,0.00013616676833241598
601,-1.8863709275353235,0.0001369496499814685
602,-1.884719614357957,0.0001377369910594023
603,-1.8830683011805904,0.00013852879112913718
604,-1.8814169880032237,0.00013932504944435617
605,-1.879765674825857,0.0001401257649299095
606,-1.8781143616484905,0.00014093093616188764
607,-1.876463048471124,0.0001417405613473851
608,-1.8748117352937572,0.00014255463830398592
609,-1.8731604221163907,0.00014337316443899367
610,-1.8715091089390241,0.00014419613672843755
611,-1.8698577957616576,0.00014502355169587996
612,-1.868206482584291,0.0001458554053910562
613,-1.8665551694069242,0.00014669169336837555
614,-1.8649038562295577,0.00014753241066531303
615,-1.8632525430521911,0.00014837755178072457
616,-1.8616012298748246,0.0001492271106531139
617,-1.8599499166974578,0.00015008108063888518
618,-1.8582986035200912,0.0001509394544906112
619,-1.8566472903427247,0.00015180222433535117
620,-1.8549959771653581,0.00015266938165305042
621,-1.8533446639879916,0.00015354091725505218
622,-1.8516933508106248,0.0001544168212627597
623,-1.8500420376332583,0.0001552970830864758
624,-1.8483907244558917,0.000156181691404459
625,-1.8467394112785251,0.00015707063414222542
626,-1.8450880981011586,0.00015796389845213157
627,-1.8434367849237918,0.00015886147069327247
628,-1.8417854717464253,0.00015976333641172608
629,-1.8401341585690587,0.00016066948032118046
630,-1.8384828453916922,0.0001615798862839738
631,-1.8368315322143256,0.00016249453729258245
632,-1.8351802190369588,0.00016341341545158945
633,-1.8335289058595923,0.00016433650196016374
634,-1.8318775926822257,0.00016526377709508684
635,-1.8302262795048592,0.00016619522019435348
636,-1.8285749663274924,0.00016713080964138134
637,-1.8269236531501258,0.000168070522849858
638,-1.8252723399727593,0.00016901433624925895
639,-1.8236210267953927,0.00016996222527106193
640,-1.8219697136180262,0.00017091416433569006
641,-1.8203184004406594,0.00017187012684021107
642,-1.8186670872632928,0.00017283008514681946
643,-1.8170157740859263,0.00017379401057213118
644,-1.8153644609085597,0.0001747618733773136
645,-1.8137131477311932,0.00017573364275907824
646,-1.8120618345538264,0.00017670928684156023
647,-1.8104105213764599,0.0001776887726691074
648,-1.8087592081990933,0.00017867206620000303
649,-1.8071078950217268,0.00017965913230114097
650,-1.8054565818443602,0.0001806499347436766
651,-1.8038052686669934,0.00018164443619967036
652,-1.8021539554896269,0.0001826425982397437
653,-1.8005026423122603,0.00018364438133176391
654,-1.7988513291348938,0.00018464974484057325
655,-1.797200015957527,0.00018565864702877732
656,-1.7955487027801604,0.00018667104505860508
657,-1.7938973896027939,0.00018768689499485493
658,-1.7922460764254273,0.00018870615180893347
659,-1.7905947632480608,0.0001897287693839999
660,-1.788943450070694,0.00019075470052122177
661,-1.7872921368933274,0.00019178389694714834
662,-1.785640823715961,0.00019281630932220975
663,-1.7839895105385943,0.00019385188725033967
664,-1.7823381973612278,0.00019489057928972968
665,-1.780686884183861,0.00019593233296471074
666,-1.7790355710064945,0.00019697709477876517
667,-1.777384257829128,0.00019802481022866326
668,-1.7757329446517613,0.00019907542381972183
669,-1.7740816314743948,0.00020012887908217938
670,-1.772430318297028,0.00020118511858868
671,-1.7707790051196615,0.0002022440839728574
672,-1.769127691942295,0.0002033057159490101
673,-1.7674763787649284,0.00020436995433285296
674,-1.7658250655875616,0.00020543673806333525
675,-1.764173752410195,0.00020650600522550592
676,-1.7625224392328285,0.00020757769307441524
677,-1.760871126055462,0.0002086517380600285
678,-1.7592198128780954,0.00020972807585313625
679,-1.7575684997007286,0.0002108066413722383
680,-1.755917186523362,0.00021188736881137864
681,-1.7542658733459955,0.00021297019166890833
682,-1.752614560168629,0.00021405504277714887
683,-1.7509632469912624,0.00021514185433292943
684,-1.7493119338138956,0.0002162305579289695
685,-1.747660620636529,0.00021732108458607797
686,-1.7460093074591625,0.00021841336478613436
687,-1.744357994281796,0.00021950732850582218
688,-1.7427066811044294,0.00022060290525107842
689,-1.7410553679270626,0.00022170002409222506
690,-1.739404054749696,0.00022279861369974336
691,-1.7377527415723295,0.00022389860238065785
692,-1.736101428394963,0.00022499991811548485
693,-1.7344501152175962,0.00022610248859570873
694,-1.7327988020402296,0.00022720624126174502
695,-1.731147488862863,0.00022831110334134506
696,-1.7294961756854965,0.0002294170018884021
697,-1.72784486250813,0.00023052386382211136
698,-1.7261935493307632,0.00023163161596643928
699,-1.7245422361533966,0.00023274018508985837
700,-1.72289092297603,0.0002338494979452976
701,-1.7212396097986635,0.00023495948131026175
702,-1.719588296621297,0.00023607006202706982
703,-1.7179369834439302,0.00023718116704316786
704,-1.7162856702665636,0.00023829272345145857
705,-1.714634357089197,0.00023940465853060808
706,-1.7129830439118305,0.0002405168997852674
707,-1.711331730734464,0.0002416293749861685
708,-1.7096804175570972,0.00024274201221003504
709,-1.7080291043797307,0.00024385473987926216
710,-1.706377791202364,0.0002449674868013104
711,-1.7047264780249975,0.00024608018220776177
712,-1.703075164847631,0.0002471927557929889
713,-1.7014238516702642,0.0002483051377523802
714,-1.6997725384928977,0.0002494172588200757
715,-1.6981212253155311,0.0002505290503061556
716,-1.6964699121381646,0.00025164044413323477
717,-1.6948185989607978,0.0002527513728724093
718,-1.6931672857834312,0.00025386176977850507
719,-1.6915159726060647,0.00025497156882457885
720,-1.6898646594286981,0.0002560807047356207
721,-1.6882133462513316,0.0002571891130214103
722,-1.6865620330739648,0.0002582967300084753
723,-1.6849107198965982,0.0002594034928711083
724,-1.6832594067192317,0.0002605093396613927
725,-1.6816080935418651,0.00026161420933819095
726,-1.6799567803644986,0.0002627180417950519
727,-1.6783054671871318,0.0002638207778869907
728,-1.6766541540097653,0.0002649223594561014
729,-1.6750028408323987,0.00026602272935595625
730,-1.6733515276550321,0.0002671218314747554
731,-1.6717002144776656,0.00026821961075718304
732,-1.6700489013002988,0.00026931601322493625
733,-1.6683975881229323,0.00027041098599588526
734,-1.6667462749455657,0.00027150447730183564
735,-1.6650949617681992,0.0002725964365048534
736,-1.6634436485908324,0.0002736868141121231
737,-1.6617923354134658,0.00027477556178930913
738,-1.6601410222360993,0.00027586263237239233
739,-1.6584897090587327,0.0002769479798779513
740,-1.6568383958813662,0.00027803155951186645
741,-1.6551870827039994,0.0002791133276764237
742,-1.6535357695266328,0.00028019324197579425
743,-1.6518844563492663,0.00028127126121987335
744,-1.6502331431718997,0.00028234734542645915
745,-1.6485818299945332,0.000283421455821757
746,-1.6469305168171664,0.00028449355483919653
747,-1.6452792036397998,0.00028556360611654803
748,-1.6436278904624333,0.0002866315744913337
749,-1.6419765772850667,0.00028769742599452173
750,-1.6403252641077002,0.0002887611278425028
751,-1.6386739509303334,0.00028982264842734466
752,-1.6370226377529669,0.0002908819573053241
753,-1.6353713245756003,0.0002919390251837439
754,-1.6337200113982338,0.0002929938239060288
755,-1.632068698220867,0.00029404632643512054
756,-1.6304173850435004,0.00029509650683516895
757,-1.6287660718661339,0.0002961443402515411
758,-1.6271147586887673,0.00029718980288915393
759,-1.6254634455114008,0.00029823287198915265
760,-1.623812132334034,0.00029927352580395026
761,-1.6221608191566674,0.00030031174357065063
762,-1.6205095059793009,0.000301347505482879
763,-1.6188581928019343,0.0003023807926610434
764,-1.6172068796245678,0.0003034115871210574
765,-1.615555566447201,0.0003044398717415537
766,-1.6139042532698344,0.0003054656302296194
767,-1.612252940092468,0.0003064888470850931
768,-1.6106016269151013,0.0003075095075634528
769,-1.6089503137377348,0.00030852759763734283
770,-1.607299000560368,0.0003095431039567748
771,-1.6056476873830015,0.0003105560138080482
772,-1.603996374205635,0.0003115663150714401
773,-1.6023450610282683,0.0003125739961777046
774,-1.6006937478509016,0.000313579046063439
775,-1.599042434673535,0.0003145814541253644
776,-1.5973911214961685,0.0003155812101735764
777,-1.595739808318802,0.0003165783043838212
778,-1.5940884951414354,0.00031757272724885425
779,-1.5924371819640686,0.00031856446952894163
780,-1.590785868786702,0.0003195535222015639
781,-1.5891345556093355,0.0003205398764103892
782,-1.587483242431969,0.00032152352341357164
783,-1.5858319292546024,0.00032250445453145147
784,-1.5841806160772356,0.00032348266109371535
785,-1.582529302899869,0.0003244581343860893
786,-1.5808779897225025,0.00032543086559663666
787,-1.579226676545136,0.0003264008457617267
788,-1.5775753633677694,0.00032736806571174965
789,-1.5759240501904026,0.00032833251601665245
790,-1.574272737013036,0.00032929418693136757
791,-1.5726214238356695,0.0003302530683412094
792,-1.570970110658303,0.00033120914970732017
793,-1.5693187974809364,0.00033216242001223164
794,-1.5676674843035696,0.0003331128677056332
795,-1.566016171126203,0.00033406048065041244
796,-1.5643648579488365,0.0003350052460690545
797,-1.56271354477147,0.0003359471504904774
798,-1.5610622315941032,0.000336886179697378
799,-1.5594109184167366,0.00033782231867417585
800,-1.55775960523937,0.0003387555515556275
801,-1.5561082920620035,0.00033968586157619347
802,-1.554456978884637,0.00034061323102023904
803,-1.5528056657072702,0.00034153764117314235
804,-1.5511543525299036,0.0003424590722733947
805,-1.549503039352537,0.0003433775034657697
806,-1.5478517261751705,0.00034429291275563453
807,-1.546200412997804,0.0003452052769644883
808,-1.5445490998204372,0.0003461145716867981
809,-1.5428977866430706,0.00034702077124821034
810,-1.541246473465704,0.00034792384866521334
811,-1.5395951602883375,0.0003488237756063253
812,-1.537943847110971,0.0003497205223548765
813,-1.5362925339336042,0.00035061405777346284
814,-1.5346412207562377,0.00035150434927013727
815,-1.532989907578871,0.0003523913627664107
816,-1.5313385944015045,0.0003532750626671263
817,-1.5296872812241378,0.00035415541183227985
818,-1.5280359680467712,0.00035503237155084025
819,-1.5263846548694047,0.0003559059015166446
820,-1.5247333416920381,0.00035677595980641955
821,-1.5230820285146716,0.000357642502859993
822,-1.5214307153373048,0.00035850548546275014
823,-1.5197794021599382,0.00035936486073039065
824,-1.5181280889825717,0.0003602205800960397
825,-1.5164767758052051,0.00036107259329976293
826,-1.5148254626278386,0.0003619208483805326
827,-1.5131741494504718,0.00036276529167069294
828,-1.5115228362731052,0.0003636058677929671
829,-1.5098715230957387,0.00036444251966004685
830,-1.5082202099183721,0.00036527518847680434
831,-1.5065688967410056,0.00036610381374515866
832,-1.5049175835636388,0.00036692833327163667
833,-1.5032662703862723,0.00036774868317764964
834,-1.5016149572089057,0.0003685647979125239
835,-1.4999636440315391,0.00036937661026930046
836,-1.4983123308541724,0.0003701840514033328
837,-1.4966610176768058,0.00037098705085369656
838,-1.4950097044994393,0.0003717855365674321
839,-1.4933583913220727,0.0003725794349266304
840,-1.4917070781447062,0.0003733686707783689
841,-1.4900557649673394,0.0003741531674675154
842,-1.4884044517899728,0.0003749328468723869
843,-1.4867531386126063,0.0003757076294432829
844,-1.4851018254352397,0.0003764774342438748
845,-1.4834505122578732,0.0003772421789954564
846,-1.4817991990805064,0.000378001780124042
847,-1.4801478859031398,0.00037875615281030115
848,-1.4784965727257733,0.0003795052110423152
849,-1.4768452595484067,0.00038024886767113814
850,-1.4751939463710402,0.0003809870344691381
851,-1.4735426331936734,0.0003817196221910985
852,-1.4718913200163068,0.0003824465406380458
853,-1.4702400068389403,0.00038316769872377986
854,-1.4685886936615737,0.00038388300454406517
855,-1.466937380484207,0.00038459236544845227
856,-1.4652860673068404,0.0003852956881146851
857,-1.4636347541294739,0.00038599287862565133
858,-1.4619834409521073,0.00038668384254883135
859,-1.4603321277747408,0.0003873684850181932
860,-1.458680814597374,0.00038804671081848466
861,-1.4570295014200074,0.0003887184244718614
862,-1.4553781882426409,0.0003893835303268014
863,-1.4537268750652743,0.00039004193264923403
864,-1.4520755618879078,0.00039069353571582945
865,-1.450424248710541,0.0003913382439093744
866,-1.4487729355331744,0.0003919759618161678
867,-1.4471216223558079,0.00039260659432536517
868,-1.4454703091784413,0.0003932300467301943
869,-1.4438189960010748,0.0003938462248309667
870,-1.442167682823708,0.0003944550350398032
871,-1.4405163696463414,0.0003950563844869955
872,-1.438865056468975,0.0003956501811289136
873,-1.4372137432916083,0.00039623633385737686
874,-1.4355624301142416,0.000396814752610398
875,-1.433911116936875,0.0003973853484842093
876,-1.4322598037595085,0.00039794803384647474
877,-1.430608490582142,0.0003985027224506036
878,-1.4289571774047753,0.00039904932955105177
879,-1.4273058642274086,0.00039958777201953014
880,-1.425654551050042,0.0004001179684620055
881,-1.4240032378726755,0.0004006398393364031
882,-1.422351924695309,0.00040115330707089883
883,-1.4207006115179424,0.000401658296182701
884,-1.4190492983405756,0.00040215473339721795
885,-1.417397985163209,0.0004026425477674977
886,-1.4157466719858425,0.0004031216707938389
887,-1.414095358808476,0.00040359203654345666
888,-1.4124440456311094,0.0004040535817700992
889,-1.4107927324537426,0.000404506246033504
890,-1.409141419276376,0.00040494997181857574
891,-1.4074901060990095,0.00040538470465418196
892,-1.405838792921643,0.0004058103932314522
893,-1.4041874797442764,0.00040622698952145955
894,-1.4025361665669096,0.0004066344488921867
895,-1.400884853389543,0.00040703273022464945
896,-1.3992335402121765,0.00040742179602807146
897,-1.39758222703481,0.0004078016125539973
898,-1.3959309138574432,0.00040817214990922744
899,-1.3942796006800766,0.0004085333821674652
900,-1.39262828750271,0.0004088852874795654
901,-1.3909769743253435,0.00040922784818226646
902,-1.389325661147977,0.0004095610509053056
903,-1.3876743479706102,0.0004098848866767943
904,-1.3860230347932436,0.00041019935102675696
905,-1.384371721615877,0.000410504444088716
906,-1.3827204084385105,0.0004108001706992205
907,-1.381069095261144,0.0004110865404952112
908,-1.3794177820837772,0.0004113635680091161
909,-1.3777664689064106,0.00041163127276157654
910,-1.376115155729044,0.0004118896793516984
911,-1.3744638425516775,0.00041213881754473085
912,-1.372812529374311,0.0004123787223570746
913,-1.3711612161969442,0.0004126094341385196
914,-1.3695099030195776,0.0004128309986516225
915,-1.367858589842211,0.0004130434671481274
916,-1.3662072766648445,0.0004132468964423427
917,-1.3645559634874778,0.0004134413489813816
918,-1.3629046503101112,0.0004136268929121879
919,-1.3612533371327447,0.0004138036021452503
920,-1.359602023955378,0.00041397155641494413
921,-1.3579507107780115,0.0004141308413364005
922,-1.3562993976006448,0.0004142815484588432
923,-1.3546480844232782,0.00041442377531531295
924,-1.3529967712459117,0.0004145576254687109
925,-1.3513454580685451,0.00041468320855409554
926,-1.3496941448911786,0.0004148006403171651
927,-1.3480428317138118,0.00041491004264886734
928,-1.3463915185364452,0.00041501154361607974
929,-1.3447402053590787,0.00041510527748830315
930,-1.3430888921817121,0.00041519138476031706
931,-1.3414375790043456,0.0004152700121707512
932,-1.3397862658269788,0.00041534131271652797
933,-1.3381349526496122,0.00041540544566313024
934,-1.3364836394722457,0.0004154625765506654
935,-1.3348323262948791,0.0004155128771956842
936,-1.3331810131175124,0.00041555652568872506
937,-1.3315296999401458,0.0004155937063875621
938,-1.3298783867627793,0.000415624609906128
939,-1.3282270735854127,0.00041564943309909525
940,-1.3265757604080461,0.00041566837904210066
941,-1.3249244472306794,0.0004156816570075983
942,-1.3232731340533128,0.00041568948243633845
943,-1.3216218208759463,0.0004156920769044639
944,-1.3199705076985797,0.0004156896680862256
945,-1.3183191945212132,0.00041568248971232165
946,-1.3166678813438464,0.0004156707815238662
947,-1.3150165681664798,0.0004156547892220027
948,-1.3133652549891133,0.0004156347644131739
949,-1.3117139418117467,0.0004156109645500718
950,-1.3100626286343802,0.0004155836528682874
951,-1.3084113154570134,0.0004155530983186916
952,-1.3067600022796468,0.00041551957549557783
953,-1.3051086891022803,0.0004154833645605986
954,-1.3034573759249137,0.00041544475116254205
955,-1.301806062747547,0.0004154040263529859
956,-1.3001547495701804,0.00041536148649787887
957,-1.2985034363928138,0.00041531743318509967
958,-1.2968521232154473,0.00041527217312805134
959,-1.2952008100380807,0.000415226018065346
960,-1.293549496860714,0.00041517928465664326
961,-1.2918981836833474,0.00041513229437471197
962,-1.2902468705059809,0.0004150853733937817
963,-1.2885955573286143,0.00041503885247425954
964,-1.2869442441512478,0.00041499306684388584
965,-1.285292930973881,0.0004149483560754177
966,-1.2836416177965144,0.00041490506396091455
967,-1.2819903046191479,0.0004148635383827194
968,-1.2803389914417813,0.0004148241311812288
969,-1.2786876782644148,0.0004147871980195348
970,-1.277036365087048,0.0004147530982450526
971,-1.2753850519096814,0.0004147221947482198
972,-1.2737337387323149,0.0004146948538183784
973,-1.2720824255549483,0.00041467144499694373
974,-1.2704311123775816,0.00041465234092797156
975,-1.268779799200215,0.00041463791720623266
976,-1.2671284860228484,0.0004146285522229126
977,-1.265477172845482,0.00041462462700905074
978,-1.2638258596681153,0.00041462652507683983
979,-1.2621745464907486,0.0004146346322589133
980,-1.260523233313382,0.000414649336545733
981,-1.2588719201360155,0.0004146710279212173
982,-1.257220606958649,0.0004147000981967268
983,-1.2555692937812823,0.00041473694084354876
984,-1.2539179806039156,0.00041478195082400083
985,-1.252266667426549,0.0004148355244212995
986,-1.2506153542491825,0.0004148980590683218
987,-1.248964041071816,0.0004149699531753984
988,-1.2473127278944494,0.0004150516059572779
989,-1.2456614147170826,0.00041514341725940165
990,-1.244010101539716,0.0004152457873836268
991,-1.2423587883623495,0.0004153591169135444
992,-1.240707475184983,0.0004154838065395272
993,-1.2390561620076164,0.00041562025688365764
994,-1.2374048488302496,0.00041576886832467275
995,-1.235753535652883,0.00041593004082307513
996,-1.2341022224755165,0.00041610417374654866
997,-1.23245090929815,0.0004162916656958264
998,-1.2307995961207832,0.0004164929143311531
999,-1.2291482829434166,0.00041670831619948544
1000,-1.22749696976605,0.0004169382665625731
1001,-1.2258456565886835,0.00041718315922606393
1002,-1.224194343411317,0.00041744338636977556
1003,-1.2225430302339502,0.00041771933837927235
1004,-1.2208917170565836,0.0004180114036788889
1005,-1.219240403879217,0.00041831996856634063
1006,-1.2175890907018505,0.0004186454170490558
1007,-1.215937777524484,0.00041898813068236805
1008,-1.2142864643471172,0.00041934848840970303
1009,-1.2126351511697506,0.00041972686640489134
1010,-1.210983837992384,0.0004201236379167406
1011,-1.2093325248150175,0.0004205391731159928
1012,-1.207681211637651,0.0004209738389447976
1013,-1.2060298984602842,0.00042142799896882415
1014,-1.2043785852829176,0.0004219020132321319
1015,-1.202727272105551,0.0004223962381149243
1016,-1.2010759589281845,0.00042291102619429667
1017,-1.1994246457508178,0.00042344672610809966
1018,-1.1977733325734512,0.0004240036824220208
1019,-1.1961220193960846,0.0004245822355000002
1020,-1.194470706218718,0.00042518272137807844
1021,-1.1928193930413515,0.0004258054716417831
1022,-1.1911680798639848,0.00042645081330714845
1023,-1.1895167666866182,0.00042711906870546493
1024,-1.1878654535092517,0.0004278105553718465
1025,-1.186214140331885,0.00042852558593770663
1026,-1.1845628271545185,0.0004292644680272204
1027,-1.1829115139771518,0.0004300275041578563
1028,-1.1812602007997852,0.0004308149916450509
1029,-1.1796088876224187,0.00043162722251109415
1030,-1.1779575744450521,0.0004324644833982963
1031,-1.1763062612676856,0.00043332705548649485
1032,-1.1746549480903188,0.0004342152144149574
1033,-1.1730036349129522,0.0004351292302087395
1034,-1.1713523217355857,0.0004360693672095379
1035,-1.1697010085582191,0.0004370358840110861
1036,-1.1680496953808523,0.00043802903339913235
1037,-1.1663983822034858,0.00043904906229602945
1038,-1.1647470690261192,0.00044009621170997074
1039,-1.1630957558487527,0.00044117071668889
1040,-1.1614444426713861,0.0004422728062790493
1041,-1.1597931294940194,0.000443402703488326
1042,-1.1581418163166528,0.00044456062525420837
1043,-1.1564905031392863,0.000445746782416504
1044,-1.1548391899619197,0.00044696137969476023
1045,-1.1531878767845531,0.0004482046156703877
1046,-1.1515365636071864,0.0004494766827734796
1047,-1.1498852504298198,0.0004507777672743051
1048,-1.1482339372524533,0.0004521080492794615
1049,-1.1465826240750867,0.00045346770273265146
1050,-1.1449313108977202,0.0004548568954200598
1051,-1.1432799977203534,0.00045627578898028883
1052,-1.1416286845429868,0.00045772453891881003
1053,-1.1399773713656203,0.000459203294626892
1054,-1.1383260581882537,0.00046071219940494243
1055,-1.136674745010887,0.0004622513904902158
1056,-1.1350234318335204,0.0004638209990888223
1057,-1.1333721186561538,0.00046542115041197117
1058,-1.1317208054787873,0.00046705196371637977
1059,-1.1300694923014207,0.000468713552348769
1060,-1.128418179124054,0.0004704060237943706
1061,-1.1267668659466874,0.0004721294797293554
1062,-1.1251155527693208,0.0004738840160770999
1063,-1.1234642395919543,0.0004756697230681938
1064,-1.1218129264145877,0.0004774866853040905
1065,-1.120161613237221,0.0004793349818243051
1066,-1.1185103000598544,0.0004812146861770482
1067,-1.1168589868824879,0.00048312586649318845
1068,-1.1152076737051213,0.00048506858556343326
1069,-1.1135563605277548,0.0004870429009186089
1070,-1.111905047350388,0.0004890488649129208
1071,-1.1102537341730214,0.0004910865248100709
1072,-1.1086024209956549,0.0004931559228721059
1073,-1.1069511078182883,0.0004952570964508725
1074,-1.1052997946409218,0.0004973900780819313
1075,-1.103648481463555,0.0004995548955808199
1076,-1.1019971682861884,0.0005017515721415037
1077,-1.1003458551088219,0.0005039801264368919
1078,-1.0986945419314553,0.000506240572721267
1079,-1.0970432287540886,0.0005085329209344906
1080,-1.095391915576722,0.0005108571768078341
1081,-1.0937406023993554,0.000513213341971295
1082,-1.092089289221989,0.0005156014140622414
1083,-1.0904379760446223,0.0005180213868352419
1084,-1.0887866628672556,0.0005204732502729272
1085,-1.087135349689889,0.0005229569906977291
1086,-1.0854840365125225,0.0005254725908843523
1087,-1.083832723335156,0.0005280200301728172
1088,-1.0821814101577893,0.0005305992845819259
1089,-1.0805300969804226,0.000533210326922995
1090,-1.078878783803056,0.0005358531269137041
1091,-1.0772274706256895,0.0005385276512919093
1092,-1.075576157448323,0.0005412338639292604
1093,-1.0739248442709564,0.0005439717259444817
1094,-1.0722735310935896,0.0005467411958161558
1095,-1.070622217916223,0.0005495422294948659
1096,-1.0689709047388565,0.0005523747805145474
1097,-1.06731959156149,0.0005552388001028988
1098,-1.0656682783841231,0.0005581342372907111
1099,-1.0640169652067566,0.000561061039019967
1100,-1.06236565202939,0.0005640191502505734
1101,-1.0607143388520235,0.0005670085140655828
1102,-1.059063025674657,0.0005700290717747717
1103,-1.0574117124972902,0.0005730807630164392
1104,-1.0557603993199236,0.0005761635258572912
1105,-1.054109086142557,0.0005792772968902899
1106,-1.0524577729651905,0.0005824220113303329
1107,-1.050806459787824,0.0005855976031076495
1108,-1.0491551466104572,0.0005888040049587884
1109,-1.0475038334330906,0.0005920411485150817
1110,-1.045852520255724,0.0005953089643884843
1111,-1.0442012070783575,0.0005986073822546635
1112,-1.042549893900991,0.0006019363309332532
1113,-1.0408985807236242,0.0006052957384651615
1114,-1.0392472675462576,0.0006086855321868396
1115,-1.037595954368891,0.000612105638801431
1116,-1.0359446411915245,0.0006155559844466963
1117,-1.0342933280141577,0.0006190364947596531
1118,-1.0326420148367912,0.0006225470949378363
1119,-1.0309907016594246,0.0006260877097971278
1120,-1.029339388482058,0.0006296582638260658
1121,-1.0276880753046915,0.0006332586812365915
1122,-1.0260367621273248,0.0006368888860111705
1123,-1.0243854489499582,0.0006405488019462314
1124,-1.0227341357725916,0.0006442383526918928
1125,-1.021082822595225,0.0006479574617879165
1126,-1.0194315094178585,0.0006517060526958743
1127,-1.0177801962404918,0.0006554840488274832
1128,-1.0161288830631252,0.0006592913735690898
1129,-1.0144775698857587,0.0006631279503022941
1130,-1.012826256708392,0.0006669937024206873
1131,-1.0111749435310255,0.0006708885533427023
1132,-1.0095236303536588,0.0006748124265205798
1133,-1.0078723171762922,0.000678765245445445
1134,-1.0062210039989257,0.000682746933648517
1135,-1.0045696908215591,0.0006867574146984493
1136,-1.0029183776441923,0.0006907966121948423
1137,-1.0012670644668258,0.0006948644497579327
1138,-0.9996157512894592,0.0006989608510145158
1139,-0.9979644381120927,0.0007030857395801114
1140,-0.9963131249347261,0.0007072390390374401
1141,-0.9946618117573593,0.000711420672911239
1142,-0.9930104985799928,0.0007156305646394797
1143,-0.9913591854026262,0.0007198686375410501
1144,-0.9897078722252597,0.0007241348147799494
1145,-0.9880565590478931,0.0007284290193260767
1146,-0.9864052458705264,0.0007327511739126801
1147,-0.9847539326931598,0.0007371012009905456
1148,-0.9831026195157933,0.0007414790226790131
1149,-0.9814513063384267,0.0007458845607138889
1150,-0.9797999931610601,0.0007503177363923679
1151,-0.9781486799836934,0.0007547784705150466
1152,-0.9764973668063268,0.0007592666833251262
1153,-0.9748460536289603,0.0007637822944449155
1154,-0.9731947404515937,0.0007683252228097359
1155,-0.9715434272742269,0.0007728953865993383
1156,-0.9698921140968604,0.0007774927031669437
1157,-0.9682408009194938,0.0007821170889660355
1158,-0.9665894877421273,0.0007867684594750052
1159,-0.9649381745647607,0.0007914467291197904
1160,-0.963286861387394,0.0007961518111946188
1161,-0.9616355482100274,0.000800883617780996
1162,-0.9599842350326608,0.0008056420596650592
1163,-0.9583329218552943,0.0008104270462534329
1164,-0.9566816086779277,0.0008152384854877157
1165,-0.955030295500561,0.0008200762837577467
1166,-0.9533789823231944,0.0008249403458137652
1167,-0.9517276691458278,0.0008298305746776309
1168,-0.9500763559684613,0.0008347468715532207
1169,-0.9484250427910947,0.0008396891357361491
1170,-0.946773729613728,0.0008446572645229639
1171,-0.9451224164363614,0.0008496511531199323
1172,-0.9434711032589949,0.0008546706945515941
1173,-0.9418197900816283,0.000859715779569189
1174,-0.9401684769042618,0.0008647862965591211
1175,-0.938517163726895,0.0008698821314515903
1176,-0.9368658505495284,0.0008750031676295316
1177,-0.9352145373721619,0.0008801492858380085
1178,-0.9335632241947953,0.0008853203640941881
1179,-0.9319119110174285,0.0008905162775980364
1180,-0.930260597840062,0.0008957368986438676
1181,-0.9286092846626954,0.000900982096532893
1182,-0.9269579714853289,0.000906251737486878
1183,-0.9253066583079623,0.0009115456845630482
1184,-0.9236553451305956,0.0009168637975703769
1185,-0.922004031953229,0.0009222059329873581
1186,-0.9203527187758624,0.0009275719438814117
1187,-0.9187014055984959,0.0009329616798300115
1188,-0.9170500924211293,0.0009383749868436693
1189,-0.9153987792437626,0.0009438117072908824
1190,-0.913747466066396,0.000949271679825141
1191,-0.9120961528890295,0.000954754739314123
1192,-0.9104448397116629,0.0009602607167711471
1193,-0.9087935265342963,0.0009657894392890062
1194,-0.9071422133569296,0.0009713407299762561
1195,-0.905490900179563,0.0009769144078960515
1196,-0.9038395870021965,0.000982510288007623
1197,-0.9021882738248299,0.0009881281811104604
1198,-0.9005369606474631,0.000993767893791276
1199,-0.8988856474700966,0.0009994292283738286
1200,-0.89723433429273,0.0010051119828716703
1201,-0.8955830211153635,0.0010108159509438616
1202,-0.8939317079379969,0.0010165409218537268
1203,-0.8922803947606301,0.0010222866804306895
1204,-0.8906290815832636,0.0010280530070352339
1205,-0.888977768405897,0.0010338396775270325
1206,-0.8873264552285305,0.001039646463236271
1207,-0.8856751420511639,0.0010454731309381996
1208,-0.8840238288737972,0.0010513194428309386
1209,-0.8823725156964306,0.0010571851565165345
1210,-0.880721202519064,0.0010630700249853165
1211,-0.8790698893416975,0.001068973796603523
1212,-0.8774185761643309,0.0010748962151042106
1213,-0.8757672629869644,0.0010808370195814568
1214,-0.8741159498095978,0.0010867959444878172
1215,-0.8724646366322308,0.0010927727196350504
1216,-0.8708133234548643,0.0010987670701980627
1217,-0.8691620102774977,0.0011047787167220737
1218,-0.8675106971001312,0.0011108073751329524
1219,-0.8658593839227646,0.0011168527567506816
1220,-0.8642080707453981,0.0011229145683059342
1221,-0.8625567575680315,0.0011289925119596879
1222,-0.860905444390665,0.0011350862853258404
1223,-0.8592541312132984,0.0011411955814967657
1224,-0.8576028180359319,0.0011473200890717461
1225,-0.8559515048585649,0.0011534594921882163
1226,-0.8543001916811983,0.001159613470555742
1227,-0.8526488785038318,0.0011657816994926791
1228,-0.8509975653264652,0.0011719638499653995
1229,-0.8493462521490986,0.0011781595886300258
1230,-0.8476949389717321,0.0011843685778765772
1231,-0.8460436257943655,0.001190590475875439
1232,-0.844392312616999,0.0011968249366260497
1233,-0.8427409994396324,0.0012030716100077197
1234,-0.8410896862622654,0.0012093301418324765
1235,-0.8394383730848989,0.0012156001738998078
1236,-0.8377870599075323,0.0012218813440532444
1237,-0.8361357467301658,0.001228173286238613
1238,-0.8344844335527992,0.0012344756305638878
1239,-0.8328331203754327,0.0012407880033605
1240,-0.8311818071980661,0.001247110027246
1241,-0.8295304940206996,0.0012534413211879485
1242,-0.827879180843333,0.0012597815005689064
1243,-0.8262278676659665,0.0012661301772524136
1244,-0.8245765544885995,0.0012724869596498194
1245,-0.8229252413112329,0.0012788514527878373
1246,-0.8212739281338663,0.0012852232583767146
1247,-0.8196226149564998,0.0012916019748788726
1248,-0.8179713017791332,0.0012979871975778816
1249,-0.8163199886017667,0.0013043785186476675
1250,-0.8146686754244001,0.0013107755272218056
1251,-0.8130173622470336,0.0013171778094627686
1252,-0.811366049069667,0.0013235849486310169
1253,-0.8097147358923,0.0013299965251537917
1254,-0.8080634227149335,0.0013364121166934836
1255,-0.8064121095375669,0.0013428312982154736
1256,-0.8047607963602004,0.0013492536420552878
1257,-0.8031094831828338,0.0013556787179849778
1258,-0.8014581700054673,0.0013621060932785826
1259,-0.7998068568281007,0.0013685353327765734
1260,-0.7981555436507342,0.0013749659989491492
1261,-0.7965042304733676,0.0013813976519582794
1262,-0.794852917296001,0.001387829849718389
1263,-0.793201604118634,0.0013942621479555621
1264,-0.7915502909412675,0.0014006941002651728
1265,-0.789898977763901,0.001407125258167845
1266,-0.7882476645865344,0.001413555171163631
1267,-0.7865963514091678,0.0014199833867843286
1268,-0.7849450382318013,0.0014264094506438358
1269,-0.7832937250544347,0.001432832906486469
1270,-0.7816424118770682,0.0014392532962331553
1271,-0.7799910986997016,0.001445670160025422
1272,-0.7783397855223346,0.0014520830362671217
1273,-0.7766884723449681,0.0014584914616638021
1274,-0.7750371591676015,0.001464894971259691
1275,-0.773385845990235,0.0014712930984722128
1276,-0.7717345328128684,0.001477685375123983
1277,-0.7700832196355019,0.0014840713314722609
1278,-0.7684319064581353,0.0014904504962357848
1279,-0.7667805932807688,0.0014968223966189684
1280,-0.7651292801034022,0.0015031865583334423
1281,-0.7634779669260356,0.0015095425056168808
1282,-0.7618266537486686,0.001515889761249129
1283,-0.7601753405713021,0.001522227846565584
1284,-0.7585240273939355,0.0015285562814678594
1285,-0.756872714216569,0.0015348745844316965
1286,-0.7552214010392024,0.001541182272512139
1287,-0.7535700878618359,0.0015474788613459908
1288,-0.7519187746844693,0.001553763865151551
1289,-0.7502674615071028,0.001560036796725674
1290,-0.7486161483297362,0.0015662971674381555
1291,-0.7469648351523692,0.0015725444872234965
1292,-0.7453135219750027,0.0015787782645700732
1293,-0.7436622087976361,0.0015849980065067754
1294,-0.7420108956202696,0.0015912032185871389
1295,-0.740359582442903,0.0015973934048710478
1296,-0.7387082692655365,0.0016035680679040696
1297,-0.7370569560881699,0.0016097267086944763
1298,-0.7354056429108033,0.0016158688266880467
1299,-0.7337543297334368,0.0016219939197407109
1300,-0.7321030165560702,0.0016281014840891308
1301,-0.7304517033787032,0.0016341910143193145
1302,-0.7288003902013367,0.0016402620033333368
1303,-0.7271490770239701,0.001646313942314299
1304,-0.7254977638466036,0.0016523463206896101
1305,-0.723846450669237,0.0016583586260926987
1306,-0.7221951374918705,0.0016643503443233003
1307,-0.7205438243145039,0.0016703209593063953
1308,-0.7188925111371374,0.0016762699530499655
1309,-0.7172411979597708,0.0016821968056016693
1310,-0.7155898847824038,0.0016881009950045832
1311,-0.7139385716050373,0.0016939819972521266
1312,-0.7122872584276707,0.001699839286242355
1313,-0.7106359452503042,0.0017056723337317025
1314,-0.7089846320729376,0.0017114806092883707
1315,-0.707333318895571,0.0017172635802454972
1316,-0.7056820057182045,0.0017230207116542512
1317,-0.7040306925408379,0.0017287514662370222
1318,-0.7023793793634714,0.0017344553043408572
1319,-0.7007280661861048,0.0017401316838912954
1320,-0.6990767530087378,0.0017457800603467913
1321,-0.6974254398313713,0.0017513998866538509
1322,-0.6957741266540047,0.001756990613203092
1323,-0.6941228134766382,0.0017625516877863522
1324,-0.6924715002992716,0.001768082555555043
1325,-0.6908201871219051,0.0017735826589799092
1326,-0.6891688739445385,0.0017790514378123545
1327,-0.687517560767172,0.0017844883290475285
1328,-0.6858662475898054,0.0017898927668893033
1329,-0.6842149344124384,0.001795264182717362
1330,-0.6825636212350719,0.0018006020050565148
1331,-0.6809123080577053,0.0018059056595484517
1332,-0.6792609948803388,0.0018111745689260875
1333,-0.6776096817029722,0.0018164081529906452
1334,-0.6759583685256056,0.001821605828591678
1335,-0.6743070553482391,0.0018267670096101599
1336,-0.6726557421708725,0.0018318911069448351
1337,-0.671004428993506,0.001836977528501956
1338,-0.6693531158161394,0.0018420256791885936
1339,-0.6677018026387724,0.0018470349609096526
1340,-0.6660504894614059,0.001852004772568752
1341,-0.6643991762840393,0.0018569345100731191
1342,-0.6627478631066728,0.0018618235663426445
1343,-0.6610965499293062,0.0018666713313232198
1344,-0.6594452367519397,0.0018714771920045174
1345,-0.6577939235745731,0.0018762405324423332
1346,-0.6561426103972066,0.0018809607337856213
1347,-0.65449129721984,0.0018856371743083465
1348,-0.652839984042473,0.001890269229446271
1349,-0.6511886708651065,0.0018948562718387838
1350,-0.6495373576877399,0.0018993976713759008
1351,-0.6478860445103733,0.0019038927952505196
1352,-0.6462347313330068,0.001908341008016025
1353,-0.6445834181556402,0.001912741671649354
1354,-0.6429321049782737,0.0019170941456196008
1355,-0.6412807918009071,0.0019213977869622287
1356,-0.6396294786235406,0.0019256519503589792
1357,-0.637978165446174,0.0019298559882235402
1358,-0.636326852268807,0.001934009250793034
1359,-0.6346755390914405,0.001938111086225375
1360,-0.6330242259140739,0.001942160840702558
1361,-0.6313729127367074,0.0019461578585399076
1362,-0.6297215995593408,0.001950101482301316
1363,-0.6280702863819743,0.0019539910529205234
1364,-0.6264189732046077,0.0019578259098284277
1365,-0.6247676600272412,0.0019616053910864587
1366,-0.6231163468498746,0.001965328833526018
1367,-0.6214650336725076,0.00196899557289397
1368,-0.619813720495141,0.0019726049440041966
1369,-0.6181624073177745,0.001976156280895183
1370,-0.616511094140408,0.001979648916993613
1371,-0.6148597809630414,0.0019830821852839424
1372,-0.6132084677856748,0.0019864554184839253
1373,-0.6115571546083083,0.0019897679492260124
1374,-0.6099058414309417,0.001993019110244612
1375,-0.6082545282535752,0.001996208234569119
1376,-0.6066032150762086,0.0019993346557226456
1377,-0.6049519018988416,0.0020023977079264054
1378,-0.6033005887214751,0.0020053967263096266
1379,-0.6016492755441085,0.0020083310471249276
1380,-0.599997962366742,0.0020112000079690645
1381,-0.5983466491893754,0.002014002948008915
1382,-0.5966953360120089,0.002016739208212611
1383,-0.5950440228346423,0.002019408131585699
1384,-0.5933927096572758,0.002022009063412176
1385,-0.5917413964799092,0.0020245413515003062
1386,-0.5900900833025422,0.0020270043464330418
1387,-0.5884387701251756,0.0020293974018229235
1388,-0.5867874569478091,0.002031719874571306
1389,-0.5851361437704425,0.0020339711251317312
1390,-0.583484830593076,0.002036150517777299
1391,-0.5818335174157094,0.0020382574208718646
1392,-0.5801822042383429,0.0020402912071448734
1393,-0.5785308910609763,0.0020422512539696566
1394,-0.5768795778836098,0.0020441369436449983
1395,-0.5752282647062432,0.0020459476636797798
1396,-0.5735769515288762,0.00204768280708049
1397,-0.5719256383515097,0.0020493417726414223
1398,-0.5702743251741431,0.0020509239652373203
1399,-0.5686230119967766,0.0020524287961182818
1400,-0.56697169881941,0.0020538556832066742
1401,-0.5653203856420435,0.002055204051395879
1402,-0.5636690724646769,0.0020564733328505957
1403,-0.5620177592873103,0.002057662967308512
1404,-0.5603664461099438,0.0020587724023830773
1405,-0.5587151329325772,0.002059801093867157
1406,-0.5570638197552102,0.002060748506037334
1407,-0.5554125065778437,0.002061614111958597
1408,-0.5537611934004771,0.0020623973937891923
1409,-0.5521098802231106,0.002063097843085356
1410,-0.550458567045744,0.0020637149611057366
1411,-0.5488072538683775,0.002064248259115184
1412,-0.5471559406910109,0.0020646972586877226
1413,-0.5455046275136444,0.0020650614920083928
1414,-0.5438533143362778,0.0020653405021737598
1415,-0.5422020011589108,0.002065533843490798
1416,-0.5405506879815443,0.002065641081773908
1417,-0.5388993748041777,0.002065661794639809
1418,-0.5372480616268112,0.0020655955718000643
1419,-0.5355967484494446,0.0020654420153509542
1420,-0.533945435272078,0.002065200740060468
1421,-0.5322941220947115,0.0020648713736521594
1422,-0.5306428089173449,0.002064453557085596
1423,-0.5289914957399784,0.002063946944833168
1424,-0.5273401825626118,0.0020633512051529985
1425,-0.5256888693852448,0.0020626660203577167
1426,-0.5240375562078783,0.002061891087078836
1427,-0.5223862430305117,0.002061026116526506
1428,-0.5207349298531452,0.002060070834744387
1429,-0.5190836166757786,0.0020590249828594327
1430,-0.5174323034984121,0.0020578883173263144
1431,-0.5157809903210455,0.002056660610166284
1432,-0.514129677143679,0.00205534164920024
1433,-0.5124783639663124,0.0020539312382757686
1434,-0.5108270507889454,0.0020524291974879554
1435,-0.5091757376115789,0.0020508353633937365
1436,-0.5075244244342123,0.002049149589219593
1437,-0.5058731112568458,0.0020473717450623925
1438,-0.5042217980794792,0.0020455017180831367
1439,-0.5025704849021126,0.002043539412693497
1440,-0.5009191717247461,0.002041484750734854
1441,-0.49926785854737954,0.002039337671649756
1442,-0.497616545370013,0.0020370981326455332
1443,-0.49596523219264643,0.002034766108849972
1444,-0.49431391901527943,0.0020323415934588186
1445,-0.4926626058379129,0.002029824597875013
1446,-0.49101129266054633,0.0020272151518394496
1447,-0.4893599794831798,0.00202451330355317
1448,-0.4877086663058132,0.0020217191197908
1449,-0.48605735312844667,0.002018832686005147
1450,-0.4844060399510801,0.0020158541064228025
1451,-0.48275472677371356,0.002012783504130647
1452,-0.481103413596347,0.0020096210211531453
1453,-0.47945210041898,0.002006366818520328
1454,-0.47780078724161346,0.0020030210763263855
1455,-0.4761494740642469,0.001999583993778753
1456,-0.47449816088688035,0.001996055789237643
1457,-0.4728468477095138,0.0019924367002459283
1458,-0.47119553453214724,0.0019887269835493484
1459,-0.4695442213547807,0.0019849269151069413
1460,-0.46789290817741414,0.001981036790091688
1461,-0.4662415950000476,0.0019770569228813252
1462,-0.46459028182268103,0.0019729876470392822
1463,-0.46293896864531403,0.0019688293152857433
1464,-0.4612876554679475,0.0019645822994588114
1465,-0.4596363422905809,0.0019602469904657508
1466,-0.45798502911321437,0.0019558237982243575
1467,-0.4563337159358478,0.0019513131515944211
1468,-0.45468240275848126,0.0019467154982993288
1469,-0.4530310895811147,0.0019420313048378293
1470,-0.45137977640374816,0.0019372610563859907
1471,-0.4497284632263816,0.0019324052566894014
1472,-0.4480771500490146,0.0019274644279456753
1473,-0.44642583687164805,0.001922439110677299
1474,-0.4447745236942815,0.0019173298635949162
1475,-0.44312321051691494,0.0019121372634511014
1476,-0.4414718973395484,0.0019068619048847359
1477,-0.43982058416218184,0.0019015044002560508
1478,-0.4381692709848153,0.0018960653794724538
1479,-0.43651795780744873,0.001890545489805238
1480,-0.4348666446300822,0.0018849453956973018
1481,-0.4332153314527156,0.0018792657785619887
1482,-0.4315640182753486,0.001873507336573172
1483,-0.4299127050979821,0.0018676707844467557
1484,-0.4282613919206155,0.0018617568532136707
1485,-0.42661007874324897,0.0018557662899845928
1486,-0.4249587655658824,0.0018496998577064929
1487,-0.42330745238851586,0.00184355833491117
1488,-0.4216561392111493,0.0018373425154559959
1489,-0.42000482603378275,0.0018310532082569829
1490,-0.4183535128564162,0.0018246912370143992
1491,-0.4167021996790492,0.001818257439931102
1492,-0.41505088650168265,0.001811752669423791
1493,-0.4133995733243161,0.0018051777918273594
1494,-0.41174826014694954,0.0017985336870925807
1495,-0.410096946969583,0.0017918212484773178
1496,-0.40844563379221643,0.0017850413822314629
1497,-0.4067943206148499,0.001778195007275847
1498,-0.4051430074374833,0.0017712830548753278
1499,-0.4034916942601168,0.001764306468306282
1500,-0.4018403810827502,0.0017572662025187506
1501,-0.4001890679053832,0.0017501632237934331
1502,-0.39853775472801667,0.0017429985093938265
1503,-0.3968864415506501,0.0017357730472136903
1504,-0.39523512837328356,0.001728487835420116
1505,-0.393583815195917,0.0017211438820924558
1506,-0.39193250201855045,0.0017137422048573243
1507,-0.3902811888411839,0.001706283830519963
1508,-0.38862987566381735,0.0016987697946921946
1509,-0.3869785624864508,0.001691201141417236
1510,-0.3853272493090838,0.0016835789227916253
1511,-0.38367593613171724,0.0016759041985845258
1512,-0.3820246229543507,0.0016681780358546467
1513,-0.38037330977698414,0.0016604015085650674
1514,-0.3787219965996176,0.0016525756971962101
1515,-0.37707068342225103,0.0016447016883572331
1516,-0.3754193702448845,0.0016367805743960884
1517,-0.3737680570675179,0.001628813453008523
1518,-0.37211674389015137,0.0016208014268462839
1519,-0.3704654307127848,0.0016127456031247618
1520,-0.3688141175354178,0.001604647093230378
1521,-0.36716280435805126,0.0015965070123279313
1522,-0.3655114911806847,0.0015883264789681754
1523,-0.36386017800331816,0.0015801066146958957
1524,-0.3622088648259516,0.0015718485436587246
1525,-0.36055755164858505,0.0015635533922169391
1526,-0.3589062384712185,0.00155522228855452
1527,-0.35725492529385194,0.0015468563622916872
1528,-0.3556036121164854,0.0015384567440991702
1529,-0.3539522989391184,0.0015300245653144596
1530,-0.35230098576175184,0.0015215609575602689
1531,-0.3506496725843853,0.0015130670523654365
1532,-0.34899835940701873,0.0015045439807885213
1533,-0.3473470462296522,0.0014959928730442925
1534,-0.3456957330522856,0.0014874148581333598
1535,-0.34404441987491907,0.0014788110634751423
1536,-0.3423931066975525,0.0014701826145444175
1537,-0.34074179352018596,0.0014615306345116348
1538,-0.3390904803428194,0.0014528562438872147
1539,-0.3374391671654524,0.0014441605601700352
1540,-0.33578785398808586,0.0014354446975003072
1541,-0.3341365408107193,0.0014267097663169948
1542,-0.33248522763335275,0.0014179568730200316
1543,-0.3308339144559862,0.0014091871196374474
1544,-0.32918260127861965,0.0014004016034976302
1545,-0.3275312881012531,0.001391601416906863
1546,-0.32587997492388654,0.0013827876468323176
1547,-0.32422866174652,0.001373961374590648
1548,-0.322577348569153,0.0013651236755423542
1549,-0.32092603539178644,0.0013562756187920578
1550,-0.3192747222144199,0.001347418266894803
1551,-0.31762340903705333,0.0013385526755685672
1552,-0.3159720958596868,0.0013296798934130632
1553,-0.3143207826823202,0.001320800961634982
1554,-0.31266946950495367,0.0013119169137797801
1555,-0.3110181563275871,0.001303028775470121
1556,-0.30936684315022056,0.0012941375641510767
1557,-0.307715529972854,0.0012852442888421813
1558,-0.306064216795487,0.0012763499498964247
1559,-0.30441290361812046,0.001267455538766283
1560,-0.3027615904407539,0.0012585620377768296
1561,-0.30111027726338735,0.0012496704199060327
1562,-0.2994589640860208,0.0012407816485722803
1563,-0.29780765090865424,0.001231896677429194
1564,-0.2961563377312877,0.00122301645016778
1565,-0.29450502455392114,0.0012141419003259594
1566,-0.2928537113765546,0.0012052739511055229
1567,-0.2912023981991876,0.001196413515196515
1568,-0.28955108502182103,0.0011875614946091166
1569,-0.2878997718444545,0.0011787187805129755
1570,-0.2862484586670879,0.0011698862530840689
1571,-0.28459714548972137,0.0011610647813590411
1572,-0.2829458323123548,0.0011522552230970574
1573,-0.28129451913498826,0.0011434584246491283
1574,-0.2796432059576217,0.0011346752208349269
1575,-0.27799189278025516,0.0011259064348270425
1576,-0.2763405796028886,0.0011171528780426737
1577,-0.2746892664255216,0.0011084153500427049
1578,-0.27303795324815505,0.0010996946384381507
1579,-0.2713866400707885,0.0010909915188038926
1580,-0.26973532689342195,0.0010823067545996934
1581,-0.2680840137160554,0.0010736410970984085
1582,-0.26643270053868884,0.0010649952853213436
1583,-0.2647813873613223,0.0010563700459806954
1584,-0.26313007418395573,0.0010477660934289919
1585,-0.2614787610065892,0.0010391841296154755
1586,-0.2598274478292226,0.0010306248440493273
1587,-0.2581761346518556,0.001022088913769663
1588,-0.2565248214744891,0.0010135770033222085
1589,-0.2548735082971225,0.001005089764742543
1590,-0.25322219511975597,0.0009966278375458412
1591,-0.2515708819423894,0.000988191848722983
1592,-0.24991956876502286,0.0009797824127429462
1593,-0.2482682555876563,0.0009714001315613535
1594,-0.24661694241028975,0.0009630455946350743
1595,-0.2449656292329232,0.0009547193789427543
1596,-0.2433143160555562,0.0009464220490111542
1597,-0.24166300287818965,0.0009381541569471851
1598,-0.2400116897008231,0.0009299162424754809
1599,-0.23836037652345654,0.0009217088329814227
1600,-0.23670906334609,0.0009135324435594484
1601,-0.23505775016872343,0.0009053875770665265
1602,-0.23340643699135688,0.0008972747241806558
1603,-0.23175512381399033,0.0008891943634642487
1604,-0.23010381063662377,0.0008811469614322604
1605,-0.22845249745925722,0.0008731329726249178
1606,-0.22680118428189022,0.0008651528396849064
1607,-0.22514987110452367,0.0008572069934388734
1608,-0.22349855792715712,0.0008492958529830759
1609,-0.22184724474979056,0.0008414198257730673
1610,-0.220195931572424,0.0008335793077172338
1611,-0.21854461839505746,0.0008257746832740525
1612,-0.2168933052176909,0.0008180063255529126
1613,-0.21524199204032435,0.0008102745964183514
1614,-0.2135906788629578,0.000802579846597553
1615,-0.2119393656855908,0.0007949224157909553
1616,-0.21028805250822424,0.0007873026327858273
1617,-0.2086367393308577,0.000779720815572636
1618,-0.20698542615349114,0.0007721772714640884
1619,-0.20533411297612458,0.0007646722972166757
1620,-0.20368279979875803,0.000757206179154573
1621,-0.20203148662139148,0.000749779193295751
1622,-0.20038017344402492,0.0007423916054801486
1623,-0.19872886026665837,0.0007350436714997605
1624,-0.19707754708929182,0.0007277356372304938
1625,-0.19542623391192482,0.0007204677387656488
1626,-0.19377492073455826,0.0007132402025508906
1627,-0.1921236075571917,0.0007060532455205452
1628,-0.19047229437982516,0.0006989070752351157
1629,-0.1888209812024586,0.000691801890019855
1630,-0.18716966802509205,0.0006847378791042704
1631,-0.1855183548477255,0.000677715222762423
1632,-0.18386704167035894,0.0006707340924538951
1633,-0.1822157284929924,0.0006637946509652921
1634,-0.1805644153156254,0.0006568970525521528
1635,-0.17891310213825884,0.0006500414430811576
1636,-0.17726178896089229,0.0006432279601724798
1637,-0.17561047578352573,0.0006364567333422039
1638,-0.17395916260615918,0.000629727884144663
1639,-0.17230784942879263,0.000623041526314598
1640,-0.17065653625142607,0.0006163977659090201
1641,-0.16900522307405952,0.0006097967014486753
1642,-0.16735390989669297,0.0006032384240590039
1643,-0.1657025967193264,0.0005967230176104914
1644,-0.16405128354195941,0.000590250558858317
1645,-0.16239997036459286,0.0005838211175812096
1646,-0.1607486571872263,0.0005774347567193955
1647,-0.15909734400985975,0.0005710915325115852
1648,-0.1574460308324932,0.0005647914946308847
1649,-0.15579471765512665,0.0005585346863195652
1650,-0.1541434044777601,0.0005523211445226045
1651,-0.15249209130039354,0.0005461509000199296
1652,-0.150840778123027,0.0005400239775572875
1653,-0.14918946494566,0.0005339403959756724
1654,-0.14753815176829344,0.0005279001683392564
1655,-0.14588683859092688,0.0005219033020617342
1656,-0.14423552541356033,0.0005159497990310633
1657,-0.14258421223619377,0.0005100396557325091
1658,-0.14093289905882722,0.0005041728633699634
1659,-0.13928158588146067,0.0004983494079854825
1660,-0.13763027270409411,0.0004925692705769975
1661,-0.13597895952672756,0.00048683242721415986
1662,-0.134327646349361,0.0004811388491522821
1663,-0.132676333171994,0.00047548850294433607
1664,-0.13102501999462746,0.0004698813505509878
1665,-0.1293737068172609,0.0004643173494486165
1666,-0.12772239363989435,0.00045879645273532506
1667,-0.1260710804625278,0.0004533186092348921
1668,-0.12441976728516124,0.00044788376359866227
1669,-0.12276845410779469,0.0004424918564053517
1670,-0.12111714093042814,0.00043714282425875745
1671,-0.11946582775306158,0.0004318365998833616
1672,-0.11781451457569458,0.00042657311221782
1673,-0.11616320139832803,0.0004213522865063399
1674,-0.11451188822096148,0.00041617404438792465
1675,-0.11286057504359492,0.0004110383039835111
1676,-0.11120926186622837,0.0004059449799809883
1677,-0.10955794868886182,0.00040089398371810474
1678,-0.10790663551149526,0.00039588522326327783
1679,-0.10625532233412871,0.00039091860349431135
1680,-0.10460400915676216,0.0003859940261750385
1681,-0.1029526959793956,0.0003811113900299027
1682,-0.1013013828020286,0.00037627059081649436
1683,-0.09965006962466205,0.0003714715213960718
1684,-0.0979987564472955,0.00036671407180206736
1685,-0.09634744326992895,0.00036199812930662903
1686,-0.09469613009256239,0.0003573235784852043
1687,-0.09304481691519584,0.0003526903012792012
1688,-0.09139350373782928,0.0003480981770567545
1689,-0.08974219056046273,0.00034354708267162777
1690,-0.08809087738309618,0.00033903689252028486
1691,-0.08643956420572918,0.00033456747859716095
1692,-0.08478825102836263,0.0003301387105481793
1693,-0.08313693785099607,0.00032575045572252827
1694,-0.08148562467362952,0.0003214025792227639
1695,-0.07983431149626297,0.0003170949439532565
1696,-0.07818299831889641,0.00031282741066703017
1697,-0.07653168514152986,0.0003085998380110329
1698,-0.0748803719641633,0.0003044120825698823
1699,-0.07322905878679675,0.0003002639989081255
1700,-0.0715777456094302,0.0002961554396110605
1701,-0.0699264324320632,0.00029208625532415895
1702,-0.06827511925469665,0.0002880562947911434
1703,-0.0666238060773301,0.0002840654048907464
1704,-0.06497249289996354,0.0002801134306722195
1705,-0.06332117972259699,0.000276200215389622
1706,-0.061669866545230434,0.00027232560053494037
1707,-0.06001855336786388,0.0002684894258700851
1708,-0.05836724019049733,0.0002646915294578115
1709,-0.056715927013130774,0.00026093174769160947
1710,-0.055064613835763776,0.0002572099153246091
1711,-0.05341330065839722,0.000253525865497553
1712,-0.05176198748103067,0.0002498794297658684
1713,-0.050110674303664116,0.00024627043812590316
1714,-0.04845936112629756,0.00024269871904035773
1715,-0.04680804794893101,0.00023916409946296338
1716,-0.045156734771564455,0.00023566640486245155
1717,-0.0435054215941979,0.00023220545924585844
1718,-0.04185410841683135,0.00022878108518120863
1719,-0.040202795239464795,0.00022539310381962114
1720,-0.0385514820620978,0.00022204133491688155
1721,-0.036900168884731244,0.00021872559685452415
1722,-0.03524885570736469,0.00021544570666045631
1723,-0.03359754252999814,0.00021220148002918106
1724,-0.03194622935263158,0.0002089927313416445
1725,-0.03029491617526503,0.0002058192736847544
1726,-0.028643602997898476,0.00020268091887060485
1727,-0.026992289820531923,0.00019957747745544691
1728,-0.02534097664316537,0.00019650875875843856
1729,-0.023689663465798372,0.00019347457088021212
1730,-0.02203835028843182,0.00019047472072129573
1731,-0.020387037111065265,0.00018750901400041092
1732,-0.01873572393369871,0.00018457725527269573
1733,-0.017084410756332158,0.00018167924794787132
1734,-0.015433097578965604,0.0001788147943083876
1735,-0.013781784401599051,0.0001759836955275763
1736,-0.012130471224232497,0.00017318575168783954
1737,-0.010479158046865944,0.00017042076179889988
1738,-0.00882784486949939,0.0001676885238161386
1739,-0.007176531692132393,0.00016498883465904492
1740,-0.0055252185147658395,0.0001623214902298051
1741,-0.003873905337399286,0.00015968628543204088
1742,-0.0022225921600327325,0.00015708301418973424
1743,-0.000571278982666179,0.00015451146946634676
1744,0.0010800341947003744,0.00015197144328415603
1745,0.002731347372066928,0.0001494627267438265
1746,0.004382660549433481,0.00014698511004422992
1747,0.006033973726800035,0.0001445383825025318
1748,0.007685286904167032,0.00014212233257455465
1749,0.009336600081533586,0.00013973674787543728
1750,0.01098791325890014,0.00013738141520058927
1751,0.012639226436266693,0.00013505612054696544
1752,0.014290539613633246,0.00013276064913465927
1753,0.0159418527909998,0.00013049478542882643
1754,0.017593165968366353,0.00012825831316194553
1755,0.019244479145732907,0.00012605101535642115
1756,0.02089579232309946,0.0001238726743475344
1757,0.022547105500466014,0.00012172307180674329
1758,0.02419841867783301,0.0001196019887653369
1759,0.025849731855199565,0.00011750920563844551
1760,0.027501045032566118,0.00011544450224940137
1761,0.02915235820993267,0.00011340765785445875
1762,0.030803671387299225,0.00011139845116786441
1763,0.03245498456466578,0.00010941666038727888
1764,0.03410629774203233,0.00010746206321954506
1765,0.035757610919398886,0.00010553443690679913
1766,0.03740892409676544,0.00010363355825291949
1767,0.03906023727413244,0.00010175920365030638
1768,0.04071155045149899,9.9911149106989e-05
1769,0.042362863628865544,9.808917027404455e-05
1770,0.0440141768062321,9.629304247333143e-05
1771,0.04566548998359865,9.452254072551909e-05
1772,0.047316803160965204,9.277743977840856e-05
1773,0.04896811633833176,9.105751413553256e-05
1774,0.05061942951569831,8.936253808502358e-05
1775,0.052270742693064864,8.769228572873874e-05
1776,0.05392205587043142,8.604653101162894e-05
1777,0.055573369047798415,8.442504775133903e-05
1778,0.05722468222516497,8.282760966802837e-05
1779,0.05887599540253152,8.125399041439083e-05
1780,0.060527308579898076,7.970396360586987e-05
1781,0.06217862175726463,7.817730285104591e-05
1782,0.06382993493463118,7.667378178218463e-05
1783,0.06548124811199774,7.51931740859297e-05
1784,0.06713256128936429,7.373525353412437e-05
1785,0.06878387446673084,7.229979401474567e-05
1786,0.0704351876440974,7.088656956293455e-05
1787,0.0720865008214644,6.949535439210579e-05
1788,0.07373781399883095,6.812592292512191e-05
1789,0.0753891271761975,6.677804982550913e-05
1790,0.07704044035356405,6.54515100287058e-05
1791,0.07869175353093061,6.414607877331948e-05
1792,0.08034306670829716,6.286153163237856e-05
1793,0.08199437988566372,6.159764454455952e-05
1794,0.08364569306303027,6.035419384537304e-05
1795,0.08529700624039682,5.9130956298290845e-05
1796,0.08694831941776382,5.792770912579557e-05
1797,0.08859963259513037,5.674423004033812e-05
1798,0.09025094577249693,5.5580297275179855e-05
1799,0.09190225894986348,5.443568961510898e-05
1800,0.09355357212723003,5.3310186427008714e-05
1801,0.09520488530459659,5.2203567690261974e-05
1802,0.09685619848196314,5.1115614026975405e-05
1803,0.0985075116593297,5.004610673200541e-05
1804,0.10015882483669625,4.899482780277011e-05
1805,0.1018101380140628,4.796155996882989e-05
1806,0.1034614511914298,4.694608672122083e-05
1807,0.10511276436879635,4.594819234152591e-05
1808,0.1067640775461629,4.496766193066452e-05
1809,0.10841539072352946,4.4004281437390124e-05
1810,0.11006670390089601,4.305783768647664e-05
1811,0.11171801707826257,4.212811840658049e-05
1812,0.11336933025562912,4.1214912257763324e-05
1813,0.11502064343299567,4.031800885866119e-05
1814,0.11667195661036223,3.9437198813286264e-05
1815,0.11832326978772922,3.857227373744751e-05
1816,0.11997458296509578,3.7723026284778266e-05
1817,0.12162589614246233,3.688925017235477e-05
1818,0.12327720931982888,3.607074020589771e-05
1819,0.12492852249719544,3.5267292304541486e-05
1820,0.126579835674562,3.4478703525161e-05
1821,0.12823114885192854,3.3704772086244535e-05
1822,0.1298824620292951,3.294529739130227e-05
1823,0.13153377520666165,3.2200080051799794e-05
1824,0.1331850883840282,3.146892190960731e-05
1825,0.1348364015613952,3.0751626058954486e-05
1826,0.13648771473876176,3.0047996867883615e-05
1827,0.1381390279161283,2.9357839999189452e-05
1828,0.13979034109349486,2.868096243084177e-05
1829,0.14144165427086142,2.8017172475880115e-05
1830,0.14309296744822797,2.7366279801775013e-05
1831,0.14474428062559452,2.6728095449248608e-05
1832,0.14639559380296108,2.6102431850548833e-05
1833,0.14804690698032763,2.5489102847171314e-05
1834,0.14969822015769463,2.4887923707023733e-05
1835,0.15134953333506118,2.4298711141028833e-05
1836,0.15300084651242774,2.3721283319159426e-05
1837,0.1546521596897943,2.3155459885904807e-05
1838,0.15630347286716084,2.2601061975162862e-05
1839,0.1579547860445274,2.205791222455581e-05
1840,0.15960609922189395,2.1525834789167223e-05
1841,0.1612574123992605,2.1004655354698078e-05
1842,0.16290872557662706,2.049420115004051e-05
1843,0.1645600387539936,1.9994300959268004e-05
1844,0.1662113519313606,1.9504785133041397e-05
1845,0.16786266510872716,1.9025485599431015e-05
1846,0.1695139782860937,1.8556235874153393e-05
1847,0.17116529146346027,1.80968710702256e-05
1848,0.17281660464082682,1.764722790703632e-05
1849,0.17446791781819337,1.720714471883586e-05
1850,0.17611923099555993,1.6776461462646683e-05
1851,0.17777054417292648,1.6355019725596748e-05
1852,0.17942185735029303,1.5942662731678165e-05
1853,0.18107317052766003,1.5539235347933926e-05
1854,0.18272448370502659,1.5144584090076777e-05
1855,0.18437579688239314,1.4758557127542171e-05
1856,0.1860271100597597,1.438100428798139e-05
1857,0.18767842323712625,1.4011777061197696e-05
1858,0.1893297364144928,1.3650728602530635e-05
1859,0.19098104959185935,1.3297713735693389e-05
1860,0.1926323627692259,1.2952588955068521e-05
1861,0.19428367594659246,1.2615212427467496e-05
1862,0.195934989123959,1.2285443993360022e-05
1863,0.197586302301326,1.1963145167579054e-05
1864,0.19923761547869256,1.1648179139508443e-05
1865,0.20088892865605912,1.1340410772758595e-05
1866,0.20254024183342567,1.1039706604338672e-05
1867,0.20419155501079223,1.0745934843331211e-05
1868,0.20584286818815878,1.0458965369076965e-05
1869,0.20749418136552533,1.0178669728877484e-05
1870,0.20914549454289189,9.904921135223123e-06
1871,0.21079680772025844,9.637594462554497e-06
1872,0.21244812089762544,9.376566243565362e-06
1873,0.214099434074992,9.121714665055704e-06
1874,0.21575074725235854,8.872919563342428e-06
1875,0.2174020604297251,8.630062419237624e-06
1876,0.21905337360709165,8.39302635260221e-06
1877,0.2207046867844582,8.161696116484146e-06
1878,0.22235599996182476,7.93595809085024e-06
1879,0.2240073131391913,7.715700275920655e-06
1880,0.22565862631655786,7.5008122851153056e-06
1881,0.22730993949392442,7.2911853376215064e-06
1882,0.22896125267129142,7.086712250592203e-06
1883,0.23061256584865797,6.88728743098458e-06
1884,0.23226387902602452,6.69280686704778e-06
1885,0.23391519220339108,6.503168119470429e-06
1886,0.23556650538075763,6.318270312196772e-06
1887,0.23721781855812418,6.138014122921452e-06
1888,0.23886913173549074,5.962301773272568e-06
1889,0.2405204449128573,5.791037018692767e-06
1890,0.24217175809022384,5.624125138028111e-06
1891,0.24382307126759084,5.461472922834397e-06
1892,0.2454743844449574,5.3029886664110025e-06
1893,0.24712569762232395,5.14858215257126e-06
1894,0.2487770107996905,4.998164644160038e-06
1895,0.25042832397705705,4.851648871327493e-06
1896,0.2520796371544236,4.70894901956895e-06
1897,0.25373095033179016,4.569980717540519e-06
1898,0.2553822635091567,4.434661024659939e-06
1899,0.25703357668652327,4.3029084185022666e-06
1900,0.2586848898638898,4.174642781999811e-06
1901,0.2603362030412568,4.049785390455694e-06
1902,0.2619875162186234,3.928258898380577e-06
1903,0.2636388293959899,3.80998732616128e-06
1904,0.2652901425733565,3.6948960465711596e-06
1905,0.26694145575072303,3.5829117711307803e-06
1906,0.2685927689280896,3.473962536328115e-06
1907,0.27024408210545614,3.3679776897070803e-06
1908,0.2718953952828227,3.2648878758332513e-06
1909,0.27354670846018925,3.164625022145375e-06
1910,0.27519802163755624,3.067122324701273e-06
1911,0.2768493348149228,2.972314233826711e-06
1912,0.27850064799228935,2.8801364396752004e-06
1913,0.2801519611696559,2.7905258577074583e-06
1914,0.28180327434702246,2.703420614098213e-06
1915,0.283454587524389,2.6187600310784825e-06
1916,0.28510590070175557,2.536484612221115e-06
1917,0.2867572138791221,2.4565360276772838e-06
1918,0.2884085270564887,2.378857099371487e-06
1919,0.2900598402338552,2.3033917861624663e-06
1920,0.2917111534112222,2.230085168977296e-06
1921,0.2933624665885888,2.1588834359258717e-06
1922,0.29501377976595533,2.0897338674024993e-06
1923,0.2966650929433219,2.0225848211817998e-06
1924,0.29831640612068844,1.9573857175153063e-06
1925,0.299967719298055,1.8940870242354167e-06
1926,0.30161903247542154,1.8326402418730432e-06
1927,0.3032703456527881,1.772997888795188e-06
1928,0.30492165883015465,1.7151134863685204e-06
1929,0.30657297200752165,1.658941544154837e-06
1930,0.3082242851848882,1.6044375451442704e-06
1931,0.30987559836225476,1.5515579310316107e-06
1932,0.3115269115396213,1.5002600875414919e-06
1933,0.31317822471698786,1.4505023298075043e-06
1934,0.3148295378943544,1.402243887810458e-06
1935,0.31648085107172097,1.3554448918807543e-06
1936,0.3181321642490875,1.3100663582696874e-06
1937,0.3197834774264541,1.2660701747943459e-06
1938,0.32143479060382063,1.2234190865606124e-06
1939,0.32308610378118763,1.1820766817686166e-06
1940,0.3247374169585542,1.1420073776049016e-06
1941,0.32638873013592073,1.1031764062251897e-06
1942,0.3280400433132873,1.0655498008318647e-06
1943,0.32969135649065384,1.0290943818497499e-06
1944,0.3313426696680204,9.937777432038459e-07
1945,0.33299398284538695,9.595682387024608e-07
1946,0.3346452960227535,9.264349685290436e-07
1947,0.33629660920012006,8.943477658458622e-07
1948,0.33794792237748705,8.632771835125422e-07
1949,0.3395992355548536,8.331944809223774e-07
1950,0.34125054873222016,8.040716109590213e-07
1951,0.3429018619095867,7.758812070763106e-07
1952,0.34455317508695327,7.485965705035544e-07
1953,0.3462044882643198,7.221916575786507e-07
1954,0.3478558014416864,6.966410672112131e-07
1955,0.3495071146190529,6.719200284777545e-07
1956,0.3511584277964195,6.48004388350858e-07
1957,0.35280974097378603,6.248705995641279e-07
1958,0.35446105415115303,6.024957086145911e-07
1959,0.3561123673285196,5.808573439041341e-07
1960,0.35776368050588614,5.599337040213129e-07
1961,0.3594149936832527,5.397035461649733e-07
1962,0.36106630686061925,5.201461747107817e-07
1963,0.3627176200379858,5.012414299217915e-07
1964,0.36436893321535235,4.829696768040069e-07
1965,0.3660202463927189,4.6531179410780757e-07
1966,0.36767155957008546,4.482491634759964e-07
1967,0.369322872747452,4.3176365873911876e-07
1968,0.370974185924819,4.158376353586047e-07
1969,0.37262549910218556,4.004539200182131e-07
1970,0.3742768122795521,3.855958003640715e-07
1971,0.37592812545691867,3.7124701489366017e-07
1972,0.3775794386342852,3.5739174299385125e-07
1973,0.3792307518116518,3.4401459512810914e-07
1974,0.38088206498901833,3.3110060317284974e-07
1975,0.3825333781663849,3.1863521090286945e-07
1976,0.38418469134375144,3.066042646256775e-07
1977,0.38583600452111844,2.949940039644832e-07
1978,0.387487317698485,2.837910527895328e-07
1979,0.38913863087585154,2.729824102973551e-07
1980,0.3907899440532181,2.625554422375081e-07
1981,0.39244125723058465,2.524978722862448e-07
1982,0.3940925704079512,2.427977735665135e-07
1983,0.39574388358531776,2.3344356031362057e-07
1984,0.3973951967626843,2.2442397968582908e-07
1985,0.39904650994005086,2.157281037191014e-07
1986,0.4006978231174174,2.0734532142514302e-07
1987,0.4023491362947844,1.992653310318428e-07
1988,0.40400044947215097,1.914781323651695e-07
1989,0.4056517626495175,1.8397401937149078e-07
1990,0.4073030758268841,1.767435727793035e-07
1991,0.40895438900425063,1.697776528992481e-07
1992,0.4106057021816172,1.6306739256127734e-07
1993,0.41225701535898374,1.5660419018779545e-07
1994,0.4139083285363503,1.5037970300154576e-07
1995,0.41555964171371684,1.443858403669863e-07
1996,0.41721095489108384,1.3861475726385875e-07
1997,0.4188622680684504,1.3305884789162995e-07
1998,0.42051358124581695,1.2771073940342462e-07
1999,0.4221648944231835,1.2256328576809018e-07
2000,0.42381620760055005,1.1760956175895469e-07
2001,0.4254675207779166,1.1284285706784346e-07
2002,0.42711883395528316,1.0825667054288787e-07
2003,0.4287701471326499,1.0384470454863563e-07
